timestamp,open,high,low,close,tick_volume
2026-07-29 13:59:00,4007.42,4008.16,4005.27,4007.17,246.0
2026-07-29 14:00:00,4007.21,4008.59,4002.53,4003.26,269.0
2026-07-29 14:01:00,4003.22,4004.91,4003.09,4003.35,219.0
2026-07-29 14:02:00,4003.31,4005.69,4002.57,4003.38,248.0
2026-07-29 14:03:00,4003.01,4004.63,4001.14,4003.38,262.0
2026-07-29 14:04:00,4003.37,4006.14,4002.99,4005.91,223.0
2026-07-29 14:05:00,4006.16,4006.71,4004.13,4004.76,232.0
2026-07-29 14:06:00,4004.75,4006.57,4003.65,4004.82,252.0
2026-07-29 14:07:00,4004.69,4004.69,4000.68,4000.85,239.0
2026-07-29 14:08:00,4000.73,4001.64,3998.89,3999.66,230.0
2026-07-29 14:09:00,3999.68,4001.62,3999.38,3999.59,255.0
2026-07-29 14:10:00,3999.62,4000.64,3998.12,3999.81,242.0
2026-07-29 14:11:00,3999.88,4001.23,3999.41,3999.47,242.0
2026-07-29 14:12:00,3999.5,4000.14,3997.69,3997.69,251.0
2026-07-29 14:13:00,3997.67,3997.99,3995.98,3997.7,238.0
2026-07-29 14:14:00,3997.64,3999.12,3996.97,3999.12,211.0
2026-07-29 14:15:00,3999.33,4001.57,3998.95,4000.49,243.0
2026-07-29 14:16:00,4000.48,4003.28,4000.1,4003.08,222.0
2026-07-29 14:17:00,4003.13,4003.8,4002.41,4002.59,215.0
2026-07-29 14:18:00,4002.65,4008.98,4002.63,4008.37,234.0
2026-07-29 14:19:00,4008.36,4009.17,4007.46,4007.8,212.0
2026-07-29 14:20:00,4007.72,4008.98,4006.6,4008.12,235.0
2026-07-29 14:21:00,4008.24,4008.92,4007.38,4008.53,231.0
2026-07-29 14:22:00,4008.54,4009.29,4007.57,4008.49,212.0
2026-07-29 14:23:00,4008.45,4009.78,4007.69,4008.86,219.0
2026-07-29 14:24:00,4008.85,4010.11,4008.13,4009.68,220.0
2026-07-29 14:25:00,4009.66,4009.75,4008.12,4008.21,214.0
2026-07-29 14:26:00,4008.16,4008.16,4005.81,4005.94,251.0
2026-07-29 14:27:00,4005.9,4006.31,4003.5,4004.07,242.0
2026-07-29 14:28:00,4004.6,4006.07,4003.88,4006.04,229.0
2026-07-29 14:29:00,4006.07,4007.55,4005.33,4005.44,233.0
2026-07-29 14:30:00,4005.49,4006.79,4003.98,4006.6,242.0
2026-07-29 14:31:00,4006.63,4008.53,4006.23,4006.96,229.0
2026-07-29 14:32:00,4006.66,4008.06,4006.02,4007.79,233.0
2026-07-29 14:33:00,4007.58,4009.16,4007.24,4008.8,223.0
2026-07-29 14:34:00,4008.81,4009.21,4007.39,4007.96,211.0
2026-07-29 14:35:00,4007.99,4008.38,4005.75,4006.54,221.0
2026-07-29 14:36:00,4006.53,4007.25,4006.03,4007.03,226.0
2026-07-29 14:37:00,4007.06,4007.33,4005.52,4006.29,218.0
2026-07-29 14:38:00,4006.23,4007.07,4005.38,4005.58,209.0
2026-07-29 14:39:00,4005.5,4005.94,4003.25,4004.5,200.0
2026-07-29 14:40:00,4004.49,4005.26,4004.05,4004.14,239.0
2026-07-29 14:41:00,4004.19,4006.55,4003.96,4005.67,215.0
2026-07-29 14:42:00,4005.65,4005.65,4003.19,4003.19,203.0
2026-07-29 14:43:00,4003.21,4003.38,3999.02,4000.12,249.0
2026-07-29 14:44:00,4000.08,4001.17,3999.21,4001.17,217.0
2026-07-29 14:45:00,4001.11,4001.49,3999.89,4000.59,220.0
2026-07-29 14:46:00,4000.53,4000.9,3998.34,4000.33,235.0
2026-07-29 14:47:00,4000.28,4002.55,3999.69,4001.24,232.0
2026-07-29 14:48:00,4001.25,4002.23,3998.36,3999.35,229.0
2026-07-29 14:49:00,3999.33,4001.62,3999.21,4001.6,221.0
2026-07-29 14:50:00,4001.59,4002.52,4000.48,4002.03,241.0
2026-07-29 14:51:00,4002.07,4002.78,4000.81,4002.14,238.0
2026-07-29 14:52:00,4002.22,4003.73,4001.37,4002.54,238.0
2026-07-29 14:53:00,4002.55,4005.47,4002.24,4005.2,214.0
2026-07-29 14:54:00,4005.21,4005.71,4004.13,4005.37,214.0
2026-07-29 14:55:00,4005.32,4005.46,4004.11,4004.36,185.0
2026-07-29 14:56:00,4004.31,4005.2,4003.84,4004.53,204.0
2026-07-29 14:57:00,4004.63,4005.77,4002.39,4002.92,237.0
2026-07-29 14:58:00,4003.02,4004.09,4003.02,4003.93,195.0
2026-07-29 14:59:00,4003.98,4005.43,4003.97,4004.9,227.0
2026-07-29 15:00:00,4004.82,4005.85,4003.5,4003.68,238.0
2026-07-29 15:01:00,4003.64,4007.44,4003.37,4006.64,221.0
2026-07-29 15:02:00,4006.66,4007.72,4006.14,4006.24,221.0
2026-07-29 15:03:00,4006.2,4008.88,4005.95,4008.13,205.0
2026-07-29 15:04:00,4008.18,4008.8,4007.81,4008.41,186.0
2026-07-29 15:05:00,4008.35,4009.04,4007.75,4008.5,177.0
2026-07-29 15:06:00,4008.53,4008.91,4006.65,4006.66,204.0
2026-07-29 15:07:00,4006.6,4008.17,4006.6,4007.48,206.0
2026-07-29 15:08:00,4007.47,4008.52,4006.92,4006.92,189.0
2026-07-29 15:09:00,4006.83,4009.82,4006.68,4009.8,207.0
2026-07-29 15:10:00,4009.68,4009.78,4006.61,4006.64,158.0
2026-07-29 15:11:00,4006.72,4007.49,4005.88,4006.99,207.0
2026-07-29 15:12:00,4006.97,4007.25,4005.77,4007.1,194.0
2026-07-29 15:13:00,4007.12,4007.75,4006.43,4007.04,206.0
2026-07-29 15:14:00,4007.17,4007.67,4006.33,4006.87,187.0
2026-07-29 15:15:00,4006.97,4007.72,4006.73,4007.58,209.0
2026-07-29 15:16:00,4007.57,4008.6,4007.02,4007.53,156.0
2026-07-29 15:17:00,4007.28,4007.7,4006.42,4006.85,164.0
2026-07-29 15:18:00,4006.9,4007.48,4006.44,4006.73,172.0
2026-07-29 15:19:00,4006.72,4006.94,4005.05,4005.11,168.0
2026-07-29 15:20:00,4005.12,4006.1,4004.39,4005.27,219.0
2026-07-29 15:21:00,4005.26,4005.41,4004.51,4004.58,181.0
2026-07-29 15:22:00,4004.5,4008.54,4003.74,4008.49,191.0
2026-07-29 15:23:00,4008.55,4010.03,4008.34,4009.93,179.0
2026-07-29 15:24:00,4009.97,4010.24,4008.68,4010.02,191.0
2026-07-29 15:25:00,4009.76,4010.0,4008.4,4009.17,230.0
2026-07-29 15:26:00,4009.22,4009.92,4007.98,4008.84,208.0
2026-07-29 15:27:00,4008.81,4010.14,4008.42,4009.46,192.0
2026-07-29 15:28:00,4009.64,4011.26,4009.64,4011.03,175.0
2026-07-29 15:29:00,4011.07,4011.09,4010.03,4010.63,214.0
2026-07-29 15:30:00,4010.55,4011.44,4009.75,4010.57,216.0
2026-07-29 15:31:00,4010.69,4011.36,4010.26,4010.9,209.0
2026-07-29 15:32:00,4010.97,4012.26,4010.89,4011.35,207.0
2026-07-29 15:33:00,4011.54,4013.52,4011.1,4012.93,212.0
2026-07-29 15:34:00,4012.9,4013.19,4009.86,4010.33,188.0
2026-07-29 15:35:00,4010.26,4011.87,4010.26,4011.36,190.0
2026-07-29 15:36:00,4011.33,4012.41,4010.87,4012.05,196.0
2026-07-29 15:37:00,4011.97,4012.39,4010.94,4011.26,175.0
2026-07-29 15:38:00,4011.23,4011.3,4008.42,4008.48,188.0
2026-07-29 15:39:00,4008.49,4008.93,4008.08,4008.77,159.0
2026-07-29 15:40:00,4008.51,4008.79,4007.14,4008.38,161.0
2026-07-29 15:41:00,4008.31,4009.24,4007.56,4008.95,168.0
2026-07-29 15:42:00,4008.96,4009.42,4008.63,4008.93,143.0
2026-07-29 15:43:00,4009.02,4009.54,4007.16,4008.26,154.0
2026-07-29 15:44:00,4008.42,4010.62,4008.11,4010.62,178.0
2026-07-29 15:45:00,4010.3,4011.2,4009.47,4010.83,139.0
2026-07-29 15:46:00,4010.93,4011.8,4010.37,4011.1,174.0
2026-07-29 15:47:00,4011.11,4011.45,4010.33,4010.88,154.0
2026-07-29 15:48:00,4010.83,4011.41,4010.34,4010.96,142.0
2026-07-29 15:49:00,4010.92,4012.77,4010.89,4012.63,149.0
2026-07-29 15:50:00,4012.64,4013.79,4011.92,4012.25,186.0
2026-07-29 15:51:00,4012.37,4012.96,4011.6,4012.38,152.0
2026-07-29 15:52:00,4012.36,4013.26,4011.68,4012.18,173.0
2026-07-29 15:53:00,4012.07,4012.07,4010.84,4011.94,153.0
2026-07-29 15:54:00,4012.01,4013.21,4011.4,4011.56,139.0
2026-07-29 15:55:00,4011.57,4011.88,4010.39,4010.62,151.0
2026-07-29 15:56:00,4010.55,4010.72,4009.61,4010.48,154.0
2026-07-29 15:57:00,4010.47,4010.54,4009.42,4009.83,179.0
2026-07-29 15:58:00,4009.75,4010.01,4008.34,4009.18,196.0
2026-07-29 15:59:00,4009.16,4010.15,4008.9,4009.86,192.0
2026-07-29 16:00:00,4009.83,4011.71,4008.05,4008.05,222.0
2026-07-29 16:01:00,4008.12,4009.32,4007.65,4009.14,201.0
2026-07-29 16:02:00,4008.91,4009.99,4008.09,4009.61,184.0
2026-07-29 16:03:00,4009.6,4009.72,4008.0,4008.0,173.0
2026-07-29 16:04:00,4007.95,4009.78,4007.89,4009.39,168.0
2026-07-29 16:05:00,4009.67,4010.29,4008.84,4010.01,182.0
2026-07-29 16:06:00,4010.0,4011.0,4009.97,4010.71,156.0
2026-07-29 16:07:00,4010.56,4012.1,4010.51,4011.9,170.0
2026-07-29 16:08:00,4011.97,4015.55,4011.57,4015.11,196.0
2026-07-29 16:09:00,4014.96,4015.59,4014.3,4014.8,175.0
2026-07-29 16:10:00,4014.79,4015.62,4012.91,4012.98,202.0
2026-07-29 16:11:00,4012.96,4012.96,4011.3,4011.48,167.0
2026-07-29 16:12:00,4011.48,4011.94,4010.77,4010.77,146.0
2026-07-29 16:13:00,4010.62,4011.41,4010.53,4011.06,127.0
2026-07-29 16:14:00,4011.07,4011.35,4009.57,4009.57,145.0
2026-07-29 16:15:00,4009.62,4009.62,4008.52,4009.31,176.0
2026-07-29 16:16:00,4009.36,4009.5,4008.1,4008.43,127.0
2026-07-29 16:17:00,4008.44,4009.13,4007.9,4008.84,136.0
2026-07-29 16:18:00,4008.87,4010.21,4008.82,4010.1,146.0
2026-07-29 16:19:00,4010.01,4011.55,4009.68,4011.34,142.0
2026-07-29 16:20:00,4011.35,4013.88,4011.0,4013.88,163.0
2026-07-29 16:21:00,4013.87,4015.09,4013.42,4013.42,174.0
2026-07-29 16:22:00,4013.41,4014.62,4013.41,4014.44,180.0
2026-07-29 16:23:00,4014.42,4017.47,4013.93,4014.56,213.0
2026-07-29 16:24:00,4014.57,4015.66,4014.22,4015.14,190.0
2026-07-29 16:25:00,4015.15,4016.07,4015.15,4015.55,186.0
2026-07-29 16:26:00,4015.57,4016.44,4015.23,4016.07,181.0
2026-07-29 16:27:00,4016.08,4016.21,4015.08,4016.2,140.0
2026-07-29 16:28:00,4016.21,4016.23,4015.65,4015.82,130.0
2026-07-29 16:29:00,4016.17,4017.08,4016.17,4016.57,146.0
2026-07-29 16:30:00,4016.38,4017.18,4016.01,4016.2,169.0
2026-07-29 16:31:00,4016.21,4016.45,4015.02,4015.48,175.0
2026-07-29 16:32:00,4015.42,4015.92,4014.96,4015.81,173.0
2026-07-29 16:33:00,4015.97,4017.46,4015.75,4017.44,156.0
2026-07-29 16:34:00,4017.45,4019.01,4017.11,4017.11,187.0
2026-07-29 16:35:00,4017.1,4017.54,4016.41,4016.7,157.0
2026-07-29 16:36:00,4016.71,4016.75,4015.19,4015.22,127.0
2026-07-29 16:37:00,4015.09,4018.19,4015.09,4017.79,163.0
2026-07-29 16:38:00,4017.8,4017.83,4016.26,4016.37,148.0
2026-07-29 16:39:00,4016.43,4017.68,4016.21,4016.81,134.0
2026-07-29 16:40:00,4016.82,4017.67,4016.52,4017.03,145.0
2026-07-29 16:41:00,4016.91,4017.0,4016.46,4016.96,141.0
2026-07-29 16:42:00,4017.0,4017.48,4016.23,4016.85,157.0
2026-07-29 16:43:00,4016.83,4017.14,4015.83,4016.14,153.0
2026-07-29 16:44:00,4016.05,4017.25,4016.04,4017.03,106.0
2026-07-29 16:45:00,4016.97,4016.97,4015.24,4015.83,153.0
2026-07-29 16:46:00,4015.82,4016.35,4015.33,4015.65,153.0
2026-07-29 16:47:00,4015.66,4016.87,4015.64,4016.51,153.0
2026-07-29 16:48:00,4016.53,4017.48,4016.29,4016.87,146.0
2026-07-29 16:49:00,4016.88,4018.0,4016.76,4017.78,151.0
2026-07-29 16:50:00,4017.85,4019.36,4017.69,4019.02,165.0
2026-07-29 16:51:00,4019.14,4020.44,4018.93,4020.18,176.0
2026-07-29 16:52:00,4020.17,4023.3,4020.17,4022.95,173.0
2026-07-29 16:53:00,4022.94,4023.61,4022.69,4022.9,170.0
2026-07-29 16:54:00,4022.92,4025.71,4022.92,4025.69,167.0
2026-07-29 16:55:00,4025.44,4030.47,4025.13,4029.27,261.0
2026-07-29 16:56:00,4029.18,4031.84,4028.26,4031.68,271.0
2026-07-29 16:57:00,4031.71,4032.8,4028.88,4028.99,248.0
2026-07-29 16:58:00,4028.98,4029.76,4026.81,4026.81,203.0
2026-07-29 16:59:00,4026.79,4027.9,4026.79,4027.36,211.0
2026-07-29 17:00:00,4027.39,4031.11,4027.34,4030.39,249.0
2026-07-29 17:01:00,4030.43,4033.07,4030.43,4032.3,242.0
2026-07-29 17:02:00,4032.0,4032.2,4030.38,4030.52,218.0
2026-07-29 17:03:00,4030.64,4033.91,4030.62,4033.39,184.0
2026-07-29 17:04:00,4033.4,4037.54,4033.12,4036.81,236.0
2026-07-29 17:05:00,4036.94,4037.21,4035.11,4036.68,217.0
2026-07-29 17:06:00,4036.69,4040.64,4036.69,4040.24,208.0
2026-07-29 17:07:00,4040.14,4040.64,4038.54,4038.94,219.0
2026-07-29 17:08:00,4038.87,4041.2,4038.87,4040.58,217.0
2026-07-29 17:09:00,4040.6,4040.68,4038.63,4038.63,221.0
2026-07-29 17:10:00,4038.86,4041.3,4037.53,4040.63,217.0
2026-07-29 17:11:00,4040.56,4041.92,4040.07,4041.66,192.0
2026-07-29 17:12:00,4041.69,4044.18,4040.93,4044.14,221.0
2026-07-29 17:13:00,4044.18,4050.47,4044.18,4047.72,255.0
2026-07-29 17:14:00,4047.74,4048.13,4041.51,4042.06,254.0
2026-07-29 17:15:00,4042.07,4044.04,4040.85,4043.78,232.0
2026-07-29 17:16:00,4043.84,4046.83,4043.71,4046.78,232.0
2026-07-29 17:17:00,4046.77,4047.9,4044.76,4046.14,228.0
2026-07-29 17:18:00,4046.16,4047.01,4044.25,4045.03,227.0
2026-07-29 17:19:00,4045.3,4045.81,4044.19,4045.25,211.0
2026-07-29 17:20:00,4045.16,4048.42,4044.69,4046.89,236.0
2026-07-29 17:21:00,4046.94,4048.27,4046.58,4048.18,210.0
2026-07-29 17:22:00,4048.07,4049.94,4048.01,4049.74,235.0
2026-07-29 17:23:00,4049.95,4050.52,4048.05,4049.47,213.0
2026-07-29 17:24:00,4049.12,4049.12,4045.78,4047.36,247.0
2026-07-29 17:25:00,4047.35,4048.19,4043.62,4044.07,234.0
2026-07-29 17:26:00,4043.84,4044.64,4042.95,4044.23,226.0
2026-07-29 17:27:00,4044.28,4044.31,4042.17,4042.98,185.0
2026-07-29 17:28:00,4043.0,4043.1,4038.9,4038.91,243.0
2026-07-29 17:29:00,4039.33,4040.14,4037.26,4039.3,261.0
2026-07-29 17:30:00,4039.11,4040.42,4037.66,4038.49,228.0
2026-07-29 17:31:00,4038.76,4040.36,4038.51,4040.05,183.0
2026-07-29 17:32:00,4040.21,4041.89,4039.7,4041.13,229.0
2026-07-29 17:33:00,4041.09,4041.14,4038.56,4040.41,213.0
2026-07-29 17:34:00,4040.44,4040.78,4038.73,4038.76,205.0
2026-07-29 17:35:00,4038.73,4039.85,4036.69,4036.86,221.0
2026-07-29 17:36:00,4036.81,4038.34,4036.41,4037.48,175.0
2026-07-29 17:37:00,4037.35,4038.47,4037.02,4037.86,152.0
2026-07-29 17:38:00,4037.85,4040.46,4037.6,4040.46,174.0
2026-07-29 17:39:00,4040.49,4041.65,4040.1,4041.44,188.0
2026-07-29 17:40:00,4041.46,4042.37,4040.79,4041.86,211.0
2026-07-29 17:41:00,4041.89,4043.52,4041.87,4043.13,191.0
2026-07-29 17:42:00,4043.19,4044.68,4043.1,4043.79,193.0
2026-07-29 17:43:00,4043.78,4047.36,4043.6,4046.06,201.0
2026-07-29 17:44:00,4046.15,4046.77,4045.59,4045.76,194.0
2026-07-29 17:45:00,4045.77,4047.77,4045.42,4046.97,194.0
2026-07-29 17:46:00,4046.93,4047.48,4044.97,4045.13,190.0
2026-07-29 17:47:00,4045.09,4046.25,4044.96,4045.37,175.0
2026-07-29 17:48:00,4045.45,4046.61,4045.28,4046.6,180.0
2026-07-29 17:49:00,4046.54,4048.08,4046.54,4047.5,160.0
2026-07-29 17:50:00,4047.48,4047.51,4045.96,4046.68,169.0
2026-07-29 17:51:00,4046.69,4046.76,4045.18,4045.5,177.0
2026-07-29 17:52:00,4045.34,4046.46,4045.06,4045.38,188.0
2026-07-29 17:53:00,4045.45,4046.89,4045.29,4046.33,187.0
2026-07-29 17:54:00,4046.29,4046.36,4044.64,4044.84,158.0
2026-07-29 17:55:00,4044.89,4044.91,4042.85,4043.3,163.0
2026-07-29 17:56:00,4043.31,4043.31,4042.13,4042.83,137.0
2026-07-29 17:57:00,4042.82,4043.03,4042.08,4042.22,121.0
2026-07-29 17:58:00,4042.52,4043.67,4041.46,4043.29,152.0
2026-07-29 17:59:00,4043.26,4044.73,4043.19,4044.13,163.0
2026-07-29 18:00:00,4044.1,4086.08,4042.84,4076.46,290.0
2026-07-29 18:01:00,4076.77,4085.46,4071.26,4079.93,291.0
2026-07-29 18:02:00,4079.62,4083.11,4070.52,4072.38,278.0
2026-07-29 18:03:00,4072.5,4075.08,4066.87,4068.27,272.0
2026-07-29 18:04:00,4068.5,4070.82,4065.23,4066.96,285.0
2026-07-29 18:05:00,4066.83,4076.71,4066.42,4076.11,285.0
2026-07-29 18:06:00,4076.15,4081.57,4076.09,4081.31,283.0
2026-07-29 18:07:00,4081.16,4083.08,4078.14,4078.14,283.0
2026-07-29 18:08:00,4078.16,4080.07,4076.32,4078.03,271.0
2026-07-29 18:09:00,4077.85,4080.42,4072.77,4076.53,276.0
2026-07-29 18:10:00,4076.37,4077.66,4072.04,4072.32,282.0
2026-07-29 18:11:00,4072.66,4079.94,4072.65,4079.06,281.0
2026-07-29 18:12:00,4079.07,4086.15,4079.07,4082.42,277.0
2026-07-29 18:13:00,4082.56,4083.55,4080.74,4082.23,272.0
2026-07-29 18:14:00,4082.24,4082.29,4076.55,4081.07,265.0
2026-07-29 18:15:00,4081.13,4083.76,4080.44,4080.46,259.0
2026-07-29 18:16:00,4080.24,4081.45,4074.9,4075.61,268.0
2026-07-29 18:17:00,4075.62,4075.77,4072.13,4075.06,261.0
2026-07-29 18:18:00,4075.22,4075.55,4072.02,4074.01,267.0
2026-07-29 18:19:00,4074.04,4074.79,4071.21,4071.85,264.0
2026-07-29 18:20:00,4071.57,4073.2,4068.77,4071.35,260.0
2026-07-29 18:21:00,4071.2,4071.2,4068.34,4070.15,271.0
2026-07-29 18:22:00,4070.12,4071.32,4068.79,4070.48,258.0
2026-07-29 18:23:00,4070.53,4072.27,4067.12,4067.65,262.0
2026-07-29 18:24:00,4067.69,4068.19,4066.46,4066.47,263.0
2026-07-29 18:25:00,4066.53,4067.63,4064.84,4066.37,256.0
2026-07-29 18:26:00,4066.53,4068.2,4065.27,4065.37,251.0
2026-07-29 18:27:00,4065.39,4065.64,4063.83,4065.05,244.0
2026-07-29 18:28:00,4065.15,4066.76,4065.02,4066.42,248.0
2026-07-29 18:29:00,4066.57,4067.72,4064.55,4067.68,252.0
2026-07-29 18:30:00,4067.69,4072.73,4067.69,4072.11,266.0
2026-07-29 18:31:00,4072.19,4072.58,4058.42,4059.32,285.0
2026-07-29 18:32:00,4059.31,4060.17,4052.29,4059.8,294.0
2026-07-29 18:33:00,4059.99,4061.22,4054.14,4059.99,288.0
2026-07-29 18:34:00,4060.32,4062.49,4057.98,4059.9,288.0
2026-07-29 18:35:00,4059.94,4060.9,4053.89,4055.84,277.0
2026-07-29 18:36:00,4055.72,4061.75,4054.6,4059.97,281.0
2026-07-29 18:37:00,4060.78,4063.31,4058.64,4062.09,281.0
2026-07-29 18:38:00,4061.75,4068.44,4061.75,4066.13,274.0
2026-07-29 18:39:00,4066.31,4072.69,4064.52,4071.24,285.0
2026-07-29 18:40:00,4071.25,4076.34,4070.03,4073.24,285.0
2026-07-29 18:41:00,4073.22,4080.22,4073.08,4076.4,275.0
2026-07-29 18:42:00,4076.73,4080.55,4075.73,4076.72,285.0
2026-07-29 18:43:00,4076.78,4086.12,4076.78,4084.2,283.0
2026-07-29 18:44:00,4084.65,4086.82,4082.48,4083.43,286.0
2026-07-29 18:45:00,4083.49,4086.79,4082.13,4086.79,277.0
2026-07-29 18:46:00,4086.82,4091.36,4084.06,4084.72,278.0
2026-07-29 18:47:00,4084.06,4094.37,4084.06,4088.87,284.0
2026-07-29 18:48:00,4088.85,4089.32,4084.69,4087.04,283.0
2026-07-29 18:49:00,4086.82,4100.98,4086.61,4099.65,287.0
2026-07-29 18:50:00,4099.62,4100.18,4092.77,4095.58,290.0
2026-07-29 18:51:00,4095.75,4100.93,4095.26,4100.54,277.0
2026-07-29 18:52:00,4100.44,4102.03,4097.8,4102.03,269.0
2026-07-29 18:53:00,4101.83,4105.52,4100.97,4104.82,269.0
2026-07-29 18:54:00,4104.61,4109.77,4104.19,4104.9,273.0
2026-07-29 18:55:00,4105.27,4106.11,4101.42,4101.83,282.0
2026-07-29 18:56:00,4101.92,4108.06,4101.9,4108.06,277.0
2026-07-29 18:57:00,4108.21,4108.64,4104.52,4105.73,278.0
2026-07-29 18:58:00,4105.72,4109.35,4104.25,4105.79,264.0
2026-07-29 18:59:00,4105.74,4107.36,4101.36,4107.01,264.0
2026-07-29 19:00:00,4106.79,4110.1,4104.25,4106.84,281.0
2026-07-29 19:01:00,4107.03,4115.92,4105.34,4114.48,282.0
2026-07-29 19:02:00,4114.52,4116.54,4107.84,4110.12,284.0
2026-07-29 19:03:00,4110.13,4112.25,4106.54,4106.56,267.0
2026-07-29 19:04:00,4106.54,4107.59,4102.02,4103.34,279.0
2026-07-29 19:05:00,4103.4,4105.64,4099.21,4100.06,284.0
2026-07-29 19:06:00,4100.17,4104.29,4099.49,4103.19,280.0
2026-07-29 19:07:00,4103.16,4103.16,4097.97,4099.61,280.0
2026-07-29 19:08:00,4099.62,4101.25,4093.92,4094.78,272.0
2026-07-29 19:09:00,4095.08,4097.97,4094.21,4096.82,262.0
2026-07-29 19:10:00,4096.81,4096.81,4090.1,4092.06,283.0
2026-07-29 19:11:00,4091.74,4098.06,4091.65,4096.64,282.0
2026-07-29 19:12:00,4096.63,4100.29,4096.12,4099.24,288.0
2026-07-29 19:13:00,4099.31,4102.3,4098.25,4099.95,259.0
2026-07-29 19:14:00,4099.74,4100.91,4098.3,4099.76,265.0
2026-07-29 19:15:00,4099.71,4104.16,4097.63,4104.06,279.0
2026-07-29 19:16:00,4103.82,4104.57,4098.71,4098.85,270.0
2026-07-29 19:17:00,4098.87,4100.46,4097.91,4100.06,251.0
2026-07-29 19:18:00,4100.28,4104.48,4100.27,4100.27,260.0
2026-07-29 19:19:00,4100.16,4100.51,4097.67,4098.54,261.0
2026-07-29 19:20:00,4098.6,4099.62,4092.6,4094.29,263.0
2026-07-29 19:21:00,4094.23,4094.95,4086.7,4091.27,284.0
2026-07-29 19:22:00,4090.93,4091.54,4085.4,4088.09,292.0
2026-07-29 19:23:00,4087.95,4089.13,4085.28,4086.47,282.0
2026-07-29 19:24:00,4086.44,4089.35,4086.29,4087.24,266.0
2026-07-29 19:25:00,4087.25,4087.73,4083.99,4084.35,275.0
2026-07-29 19:26:00,4084.45,4084.96,4081.6,4083.96,280.0
2026-07-29 19:27:00,4083.78,4084.19,4081.0,4083.62,279.0
2026-07-29 19:28:00,4083.61,4085.7,4081.97,4085.45,268.0
2026-07-29 19:29:00,4085.46,4085.72,4082.8,4084.0,271.0
2026-07-29 19:30:00,4084.1,4086.0,4081.42,4083.31,279.0
2026-07-29 19:31:00,4083.93,4088.28,4083.68,4088.28,272.0
2026-07-29 19:32:00,4088.27,4088.37,4080.09,4081.36,276.0
2026-07-29 19:33:00,4081.21,4082.11,4068.89,4069.42,282.0
2026-07-29 19:34:00,4069.8,4073.4,4066.97,4073.37,285.0
2026-07-29 19:35:00,4073.25,4075.07,4069.17,4070.63,266.0
2026-07-29 19:36:00,4070.68,4075.43,4068.49,4075.25,275.0
2026-07-29 19:37:00,4075.14,4075.74,4070.72,4072.56,273.0
2026-07-29 19:38:00,4072.79,4072.83,4066.2,4068.25,278.0
2026-07-29 19:39:00,4068.36,4070.46,4066.41,4069.07,278.0
2026-07-29 19:40:00,4068.87,4069.01,4065.33,4068.03,281.0
2026-07-29 19:41:00,4068.04,4072.36,4067.93,4069.96,262.0
2026-07-29 19:42:00,4069.92,4073.32,4069.82,4072.47,270.0
2026-07-29 19:43:00,4072.23,4072.78,4069.4,4071.28,268.0
2026-07-29 19:44:00,4071.29,4072.27,4067.32,4069.32,273.0
2026-07-29 19:45:00,4069.33,4071.99,4067.05,4067.17,280.0
2026-07-29 19:46:00,4067.23,4070.16,4067.12,4068.49,260.0
2026-07-29 19:47:00,4068.44,4070.01,4066.04,4068.22,253.0
2026-07-29 19:48:00,4068.07,4071.1,4067.85,4070.3,270.0
2026-07-29 19:49:00,4069.77,4071.83,4069.04,4071.58,274.0
2026-07-29 19:50:00,4069.8,4070.68,4067.29,4068.97,284.0
2026-07-29 19:51:00,4069.0,4069.0,4064.64,4066.91,276.0
2026-07-29 19:52:00,4066.76,4068.31,4064.7,4067.8,262.0
2026-07-29 19:53:00,4067.81,4067.83,4064.5,4065.0,251.0
2026-07-29 19:54:00,4065.01,4065.45,4061.26,4061.77,248.0
2026-07-29 19:55:00,4061.07,4061.57,4055.48,4056.96,276.0
2026-07-29 19:56:00,4057.25,4058.44,4052.97,4053.54,270.0
2026-07-29 19:57:00,4053.61,4054.87,4052.78,4053.62,263.0
2026-07-29 19:58:00,4053.78,4053.78,4047.57,4047.7,267.0
2026-07-29 19:59:00,4047.73,4047.73,4044.35,4044.77,264.0
2026-07-29 20:00:00,4044.98,4048.54,4042.88,4048.54,267.0
2026-07-29 20:01:00,4048.64,4052.77,4046.63,4049.59,279.0
2026-07-29 20:02:00,4049.43,4051.67,4046.6,4047.42,234.0
2026-07-29 20:03:00,4047.23,4049.0,4045.53,4048.52,249.0
2026-07-29 20:04:00,4048.39,4052.79,4046.66,4052.72,243.0
2026-07-29 20:05:00,4052.85,4053.62,4049.26,4051.47,233.0
2026-07-29 20:06:00,4050.81,4052.43,4049.81,4051.27,235.0
2026-07-29 20:07:00,4051.23,4053.0,4050.82,4051.62,217.0
2026-07-29 20:08:00,4051.89,4053.44,4051.26,4051.71,195.0
2026-07-29 20:09:00,4051.7,4053.53,4050.89,4052.74,224.0
2026-07-29 20:10:00,4052.72,4053.0,4049.18,4050.58,224.0
2026-07-29 20:11:00,4050.59,4053.24,4050.15,4053.24,230.0
2026-07-29 20:12:00,4053.41,4054.57,4052.46,4054.33,215.0
2026-07-29 20:13:00,4054.45,4055.98,4053.08,4054.08,243.0
2026-07-29 20:14:00,4054.02,4054.02,4051.62,4052.09,185.0
2026-07-29 20:15:00,4052.08,4052.08,4049.43,4051.51,185.0
2026-07-29 20:16:00,4051.57,4051.57,4048.82,4049.49,217.0
2026-07-29 20:17:00,4050.22,4051.58,4050.16,4050.98,183.0
2026-07-29 20:18:00,4051.01,4051.55,4047.75,4048.35,234.0
2026-07-29 20:19:00,4048.38,4049.31,4047.91,4049.31,204.0
2026-07-29 20:20:00,4049.13,4050.2,4045.34,4045.89,196.0
2026-07-29 20:21:00,4046.11,4048.73,4043.87,4048.7,164.0
2026-07-29 20:22:00,4048.74,4050.61,4046.7,4047.82,185.0
2026-07-29 20:23:00,4047.99,4049.27,4047.58,4048.85,189.0
2026-07-29 20:24:00,4048.92,4049.26,4047.68,4048.99,153.0
2026-07-29 20:25:00,4049.02,4050.77,4048.35,4049.88,162.0
2026-07-29 20:26:00,4050.02,4050.86,4049.38,4050.16,167.0
2026-07-29 20:27:00,4050.08,4050.23,4049.5,4050.08,164.0
2026-07-29 20:28:00,4050.11,4054.67,4050.01,4054.65,186.0
2026-07-29 20:29:00,4055.22,4057.38,4054.76,4055.68,185.0
2026-07-29 20:30:00,4055.61,4055.99,4054.06,4055.41,144.0
2026-07-29 20:31:00,4055.42,4055.74,4054.8,4055.3,112.0
2026-07-29 20:32:00,4055.2,4056.68,4054.58,4056.31,136.0
2026-07-29 20:33:00,4056.41,4058.24,4055.94,4057.09,197.0
2026-07-29 20:34:00,4057.19,4059.86,4057.15,4059.37,183.0
2026-07-29 20:35:00,4059.43,4059.96,4058.4,4058.9,147.0
2026-07-29 20:36:00,4058.83,4060.23,4058.76,4060.06,157.0
2026-07-29 20:37:00,4060.01,4062.14,4059.68,4062.14,145.0
2026-07-29 20:38:00,4062.12,4062.66,4061.03,4062.11,116.0
2026-07-29 20:39:00,4062.16,4063.61,4061.73,4063.58,124.0
2026-07-29 20:40:00,4063.5,4065.46,4063.19,4065.07,91.0
2026-07-29 20:41:00,4065.08,4066.2,4064.44,4066.2,114.0
2026-07-29 20:42:00,4066.17,4066.25,4065.73,4066.23,86.0
2026-07-29 20:43:00,4066.13,4068.17,4066.1,4067.41,97.0
2026-07-29 20:44:00,4067.33,4069.27,4066.93,4067.2,126.0
2026-07-29 20:45:00,4067.06,4069.98,4065.57,4069.71,155.0
2026-07-29 20:46:00,4069.79,4070.1,4067.27,4067.41,115.0
2026-07-29 20:47:00,4067.39,4068.22,4067.21,4067.79,113.0
2026-07-29 20:48:00,4067.72,4069.98,4067.6,4068.82,148.0
2026-07-29 20:49:00,4068.83,4068.84,4066.11,4066.12,143.0
2026-07-29 20:50:00,4066.27,4066.47,4063.48,4065.68,154.0
2026-07-29 20:51:00,4065.73,4066.47,4065.24,4065.6,108.0
2026-07-29 20:52:00,4065.55,4065.72,4064.44,4065.11,84.0
2026-07-29 20:53:00,4065.13,4066.16,4064.48,4065.76,117.0
2026-07-29 20:54:00,4065.65,4065.67,4064.17,4065.59,119.0
2026-07-29 20:55:00,4065.79,4066.06,4065.05,4065.91,122.0
2026-07-29 20:56:00,4065.95,4067.23,4065.43,4067.16,115.0
2026-07-29 20:57:00,4067.1,4067.15,4065.15,4066.03,125.0
2026-07-29 20:58:00,4066.08,4066.49,4065.87,4066.25,79.0
2026-07-29 20:59:00,4066.28,4068.35,4066.13,4067.37,85.0
2026-07-29 22:00:00,4064.48,4071.92,4064.34,4071.8,142.0
2026-07-29 22:01:00,4071.44,4072.19,4070.1,4071.32,59.0
2026-07-29 22:02:00,4071.24,4073.52,4069.87,4072.95,43.0
2026-07-29 22:03:00,4073.06,4074.73,4072.78,4074.21,76.0
2026-07-29 22:04:00,4074.2,4076.03,4074.11,4074.11,111.0
2026-07-29 22:05:00,4073.83,4074.55,4071.58,4071.72,183.0
2026-07-29 22:06:00,4071.74,4073.12,4067.41,4067.77,195.0
2026-07-29 22:07:00,4067.8,4067.86,4064.9,4065.92,167.0
2026-07-29 22:08:00,4065.85,4069.5,4065.48,4068.45,153.0
2026-07-29 22:09:00,4068.39,4069.69,4067.9,4069.64,114.0
2026-07-29 22:10:00,4069.68,4072.64,4069.68,4072.24,155.0
2026-07-29 22:11:00,4072.22,4073.98,4071.98,4073.54,128.0
2026-07-29 22:12:00,4073.52,4075.63,4073.0,4075.6,154.0
2026-07-29 22:13:00,4075.52,4077.83,4075.42,4075.76,131.0
2026-07-29 22:14:00,4075.83,4077.04,4075.55,4076.44,132.0
2026-07-29 22:15:00,4076.42,4077.65,4076.26,4077.62,116.0
2026-07-29 22:16:00,4077.61,4077.65,4075.65,4075.96,139.0
2026-07-29 22:17:00,4075.88,4076.34,4074.93,4075.53,114.0
2026-07-29 22:18:00,4075.36,4075.37,4073.94,4074.15,99.0
2026-07-29 22:19:00,4074.14,4075.17,4073.88,4074.83,102.0
2026-07-29 22:20:00,4074.65,4075.06,4074.13,4074.4,100.0
2026-07-29 22:21:00,4074.39,4074.39,4073.64,4073.82,89.0
2026-07-29 22:22:00,4073.81,4073.81,4073.14,4073.45,75.0
2026-07-29 22:23:00,4073.44,4074.98,4073.08,4074.89,73.0
2026-07-29 22:24:00,4074.79,4075.32,4074.67,4074.93,128.0
2026-07-29 22:25:00,4074.91,4074.96,4073.8,4073.81,92.0
2026-07-29 22:26:00,4073.86,4074.32,4073.02,4073.17,93.0
2026-07-29 22:27:00,4073.16,4074.15,4073.16,4073.96,84.0
2026-07-29 22:28:00,4074.04,4074.19,4072.61,4072.88,105.0
2026-07-29 22:29:00,4072.94,4075.27,4072.93,4074.98,121.0
2026-07-29 22:30:00,4075.05,4076.12,4074.26,4075.37,94.0
2026-07-29 22:31:00,4074.91,4075.25,4073.01,4073.67,114.0
2026-07-29 22:32:00,4073.82,4074.68,4073.64,4073.98,95.0
2026-07-29 22:33:00,4074.0,4075.11,4072.94,4074.39,108.0
2026-07-29 22:34:00,4074.5,4075.8,4074.24,4075.56,113.0
2026-07-29 22:35:00,4075.61,4077.59,4075.5,4077.59,98.0
2026-07-29 22:36:00,4077.57,4078.9,4077.5,4078.9,96.0
2026-07-29 22:37:00,4078.88,4078.88,4076.67,4076.91,84.0
2026-07-29 22:38:00,4076.86,4077.39,4076.36,4076.38,68.0
2026-07-29 22:39:00,4076.37,4077.16,4075.95,4075.96,80.0
2026-07-29 22:40:00,4075.92,4077.22,4075.66,4077.15,92.0
2026-07-29 22:41:00,4077.16,4077.16,4075.68,4076.7,108.0
2026-07-29 22:42:00,4076.78,4078.69,4076.49,4078.44,72.0
2026-07-29 22:43:00,4078.33,4079.76,4078.31,4079.0,82.0
2026-07-29 22:44:00,4078.92,4081.42,4078.92,4081.42,110.0
2026-07-29 22:45:00,4081.64,4084.34,4081.38,4084.34,101.0
2026-07-29 22:46:00,4084.35,4084.35,4081.47,4081.47,129.0
2026-07-29 22:47:00,4081.24,4082.61,4079.79,4082.55,122.0
2026-07-29 22:48:00,4082.53,4083.51,4081.47,4083.44,109.0
2026-07-29 22:49:00,4083.46,4085.51,4083.46,4084.89,121.0
2026-07-29 22:50:00,4084.88,4085.76,4083.69,4085.37,118.0
2026-07-29 22:51:00,4085.24,4085.73,4084.47,4085.22,88.0
2026-07-29 22:52:00,4085.2,4085.71,4084.33,4084.47,122.0
2026-07-29 22:53:00,4084.52,4085.12,4084.35,4084.93,94.0
2026-07-29 22:54:00,4084.95,4085.31,4084.42,4085.12,82.0
2026-07-29 22:55:00,4085.09,4088.65,4084.93,4088.33,99.0
2026-07-29 22:56:00,4088.12,4089.88,4087.67,4089.4,121.0
2026-07-29 22:57:00,4089.43,4090.53,4088.05,4088.39,128.0
2026-07-29 22:58:00,4088.43,4088.46,4086.59,4087.18,124.0
2026-07-29 22:59:00,4087.15,4088.61,4087.15,4088.52,79.0
2026-07-29 23:00:00,4088.36,4090.87,4088.36,4090.59,113.0
2026-07-29 23:01:00,4090.58,4091.43,4090.3,4091.07,131.0
2026-07-29 23:02:00,4091.09,4091.68,4088.75,4091.55,141.0
2026-07-29 23:03:00,4091.54,4095.29,4091.38,4095.29,145.0
2026-07-29 23:04:00,4095.2,4095.5,4094.74,4095.25,111.0
2026-07-29 23:05:00,4095.29,4095.29,4094.33,4094.64,109.0
2026-07-29 23:06:00,4094.63,4095.15,4094.63,4094.84,75.0
2026-07-29 23:07:00,4094.77,4097.94,4094.57,4097.85,164.0
2026-07-29 23:08:00,4097.86,4100.43,4096.99,4099.86,140.0
2026-07-29 23:09:00,4099.83,4099.83,4096.23,4096.32,150.0
2026-07-29 23:10:00,4096.38,4096.96,4093.57,4093.9,148.0
2026-07-29 23:11:00,4093.93,4094.51,4092.64,4093.34,166.0
2026-07-29 23:12:00,4093.35,4094.74,4093.19,4094.03,109.0
2026-07-29 23:13:00,4094.01,4094.18,4091.63,4091.83,133.0
2026-07-29 23:14:00,4091.87,4091.87,4090.58,4091.62,123.0
2026-07-29 23:15:00,4091.7,4092.28,4090.39,4090.78,104.0
2026-07-29 23:16:00,4090.81,4091.83,4090.68,4091.66,90.0
2026-07-29 23:17:00,4091.67,4091.99,4091.01,4091.9,97.0
2026-07-29 23:18:00,4091.87,4093.92,4091.69,4093.57,121.0
2026-07-29 23:19:00,4093.63,4094.41,4093.33,4093.59,93.0
2026-07-29 23:20:00,4093.57,4094.44,4093.01,4093.01,103.0
2026-07-29 23:21:00,4092.83,4094.93,4092.83,4093.84,110.0
2026-07-29 23:22:00,4093.43,4094.01,4092.02,4092.72,103.0
2026-07-29 23:23:00,4092.89,4093.77,4092.6,4093.46,117.0
2026-07-29 23:24:00,4093.53,4093.7,4092.23,4092.23,98.0
2026-07-29 23:25:00,4092.22,4092.22,4090.85,4091.76,133.0
2026-07-29 23:26:00,4091.85,4094.12,4091.41,4094.1,93.0
2026-07-29 23:27:00,4094.11,4094.2,4093.16,4093.25,85.0
2026-07-29 23:28:00,4093.58,4094.24,4092.84,4092.89,69.0
2026-07-29 23:29:00,4092.88,4093.54,4092.07,4093.51,81.0
2026-07-29 23:30:00,4093.5,4094.07,4091.98,4092.48,102.0
2026-07-29 23:31:00,4092.5,4092.79,4091.43,4092.04,97.0
2026-07-29 23:32:00,4092.06,4093.6,4090.78,4093.4,115.0
2026-07-29 23:33:00,4093.42,4093.68,4092.19,4093.23,112.0
2026-07-29 23:34:00,4093.24,4093.91,4092.67,4092.96,82.0
2026-07-29 23:35:00,4093.01,4093.81,4092.97,4093.78,85.0
2026-07-29 23:36:00,4093.77,4093.82,4093.23,4093.46,71.0
2026-07-29 23:37:00,4093.52,4094.02,4093.22,4093.72,119.0
2026-07-29 23:38:00,4093.75,4094.57,4093.62,4093.67,95.0
2026-07-29 23:39:00,4093.67,4093.67,4092.11,4092.23,98.0
2026-07-29 23:40:00,4092.28,4092.34,4090.45,4090.69,124.0
2026-07-29 23:41:00,4090.73,4091.7,4090.5,4091.7,123.0
2026-07-29 23:42:00,4091.58,4091.99,4090.95,4090.95,110.0
2026-07-29 23:43:00,4091.05,4091.89,4089.92,4090.16,127.0
2026-07-29 23:44:00,4090.51,4091.08,4089.39,4090.07,162.0
2026-07-29 23:45:00,4090.19,4091.01,4088.75,4089.82,229.0
2026-07-29 23:46:00,4089.97,4091.73,4089.5,4091.71,223.0
2026-07-29 23:47:00,4091.87,4092.32,4089.5,4091.68,209.0
2026-07-29 23:48:00,4091.79,4092.46,4090.95,4092.03,212.0
2026-07-29 23:49:00,4092.08,4093.11,4090.72,4090.9,159.0
2026-07-29 23:50:00,4090.88,4092.73,4089.68,4090.0,212.0
2026-07-29 23:51:00,4090.1,4091.06,4089.5,4090.44,217.0
2026-07-29 23:52:00,4090.41,4090.43,4089.08,4089.1,182.0
2026-07-29 23:53:00,4089.08,4090.77,4087.34,4087.62,230.0
2026-07-29 23:54:00,4087.8,4087.88,4086.39,4087.22,231.0
2026-07-29 23:55:00,4087.32,4088.31,4085.58,4088.1,198.0
2026-07-29 23:56:00,4088.19,4088.37,4086.89,4087.81,171.0
2026-07-29 23:57:00,4087.82,4087.82,4085.7,4086.33,176.0
2026-07-29 23:58:00,4086.3,4086.76,4084.74,4085.4,202.0
2026-07-29 23:59:00,4085.41,4085.57,4084.4,4084.53,163.0
2026-07-30 00:00:00,4084.66,4086.57,4084.22,4086.35,265.0
2026-07-30 00:01:00,4086.48,4086.48,4083.61,4084.28,246.0
2026-07-30 00:02:00,4084.36,4084.66,4082.52,4083.27,216.0
2026-07-30 00:03:00,4083.26,4083.51,4080.28,4081.6,235.0
2026-07-30 00:04:00,4081.55,4081.98,4079.85,4080.73,221.0
2026-07-30 00:05:00,4080.74,4082.99,4080.41,4080.98,250.0
2026-07-30 00:06:00,4081.06,4084.2,4080.92,4082.83,239.0
2026-07-30 00:07:00,4082.61,4083.62,4082.09,4083.14,215.0
2026-07-30 00:08:00,4083.17,4085.29,4082.72,4082.95,230.0
2026-07-30 00:09:00,4082.81,4083.51,4081.54,4082.59,217.0
2026-07-30 00:10:00,4082.56,4082.83,4079.07,4079.99,243.0
2026-07-30 00:11:00,4080.09,4081.39,4079.47,4079.59,217.0
2026-07-30 00:12:00,4079.55,4082.0,4079.55,4081.79,243.0
2026-07-30 00:13:00,4081.93,4083.03,4081.33,4081.83,205.0
2026-07-30 00:14:00,4081.87,4081.98,4080.07,4081.31,224.0
2026-07-30 00:15:00,4081.59,4083.59,4080.46,4082.56,273.0
2026-07-30 00:16:00,4082.72,4083.49,4081.26,4081.51,229.0
2026-07-30 00:17:00,4081.5,4082.28,4080.0,4080.0,238.0
2026-07-30 00:18:00,4080.03,4081.2,4079.5,4079.97,240.0
2026-07-30 00:19:00,4079.95,4080.15,4077.45,4077.45,223.0
2026-07-30 00:20:00,4077.47,4077.81,4075.54,4076.55,224.0
2026-07-30 00:21:00,4076.67,4078.54,4076.58,4078.39,207.0
2026-07-30 00:22:00,4078.41,4078.98,4077.44,4077.85,211.0
2026-07-30 00:23:00,4077.82,4079.88,4077.72,4079.64,230.0
2026-07-30 00:24:00,4079.67,4080.68,4078.95,4080.53,229.0
2026-07-30 00:25:00,4080.49,4080.75,4077.8,4078.34,226.0
2026-07-30 00:26:00,4078.5,4078.67,4074.21,4074.62,234.0
2026-07-30 00:27:00,4074.6,4075.3,4072.87,4073.49,233.0
2026-07-30 00:28:00,4073.58,4075.43,4072.75,4074.48,215.0
2026-07-30 00:29:00,4074.58,4076.71,4074.58,4075.27,219.0
2026-07-30 00:30:00,4075.34,4076.89,4075.01,4076.31,196.0
2026-07-30 00:31:00,4076.28,4076.65,4075.2,4075.31,208.0
2026-07-30 00:32:00,4075.34,4075.87,4072.8,4073.53,222.0
2026-07-30 00:33:00,4073.68,4075.39,4073.62,4075.28,206.0
2026-07-30 00:34:00,4075.29,4075.29,4071.78,4072.21,192.0
2026-07-30 00:35:00,4072.04,4072.73,4071.38,4072.53,208.0
2026-07-30 00:36:00,4072.44,4073.24,4071.38,4071.73,197.0
2026-07-30 00:37:00,4071.63,4071.89,4070.9,4071.17,196.0
2026-07-30 00:38:00,4071.35,4071.78,4069.91,4070.14,201.0
2026-07-30 00:39:00,4070.22,4070.27,4068.2,4069.42,201.0
2026-07-30 00:40:00,4069.43,4070.08,4068.71,4069.42,208.0
2026-07-30 00:41:00,4069.48,4071.12,4068.98,4069.94,207.0
2026-07-30 00:42:00,4069.95,4070.1,4067.86,4067.89,200.0
2026-07-30 00:43:00,4067.96,4068.11,4065.9,4066.0,210.0
2026-07-30 00:44:00,4066.07,4066.2,4065.02,4066.13,153.0
2026-07-30 00:45:00,4066.09,4068.18,4065.26,4066.25,252.0
2026-07-30 00:46:00,4066.23,4066.76,4064.91,4065.86,229.0
2026-07-30 00:47:00,4065.87,4066.19,4065.12,4065.69,210.0
2026-07-30 00:48:00,4065.66,4066.79,4065.3,4066.34,190.0
2026-07-30 00:49:00,4066.33,4067.39,4066.22,4066.85,179.0
2026-07-30 00:50:00,4066.87,4067.67,4065.87,4066.21,206.0
2026-07-30 00:51:00,4066.16,4067.1,4065.58,4066.1,204.0
2026-07-30 00:52:00,4066.14,4066.44,4065.41,4066.23,187.0
2026-07-30 00:53:00,4066.22,4067.87,4065.19,4067.24,171.0
2026-07-30 00:54:00,4067.2,4067.89,4066.96,4067.76,175.0
2026-07-30 00:55:00,4067.77,4068.14,4066.87,4067.76,182.0
2026-07-30 00:56:00,4067.68,4068.7,4067.44,4068.14,190.0
2026-07-30 00:57:00,4068.1,4068.67,4067.86,4068.1,189.0
2026-07-30 00:58:00,4068.0,4071.77,4068.0,4069.44,187.0
2026-07-30 00:59:00,4069.36,4072.86,4069.36,4072.17,180.0
2026-07-30 01:00:00,4072.22,4074.06,4070.6,4073.91,264.0
2026-07-30 01:01:00,4073.97,4076.52,4073.19,4076.45,253.0
2026-07-30 01:02:00,4076.35,4083.88,4075.96,4081.69,261.0
2026-07-30 01:03:00,4081.99,4084.73,4080.07,4083.96,259.0
2026-07-30 01:04:00,4083.94,4089.79,4083.33,4089.17,259.0
2026-07-30 01:05:00,4089.29,4090.51,4088.43,4088.73,254.0
2026-07-30 01:06:00,4088.83,4092.92,4088.0,4091.99,243.0
2026-07-30 01:07:00,4091.98,4092.76,4089.13,4091.79,234.0
2026-07-30 01:08:00,4091.78,4092.4,4090.34,4091.28,229.0
2026-07-30 01:09:00,4091.32,4091.88,4086.37,4086.46,245.0
2026-07-30 01:10:00,4086.35,4087.92,4085.23,4085.35,222.0
2026-07-30 01:11:00,4085.33,4087.07,4084.42,4084.79,250.0
2026-07-30 01:12:00,4084.64,4084.66,4079.87,4079.87,258.0
2026-07-30 01:13:00,4079.88,4080.3,4078.38,4078.65,233.0
2026-07-30 01:14:00,4078.55,4079.29,4074.9,4075.71,219.0
2026-07-30 01:15:00,4075.5,4077.35,4075.09,4076.67,228.0
2026-07-30 01:16:00,4076.88,4077.12,4075.7,4077.09,220.0
2026-07-30 01:17:00,4077.08,4078.56,4074.09,4074.32,255.0
2026-07-30 01:18:00,4074.34,4075.38,4073.65,4074.79,244.0
2026-07-30 01:19:00,4074.8,4076.61,4073.23,4075.16,246.0
2026-07-30 01:20:00,4075.12,4076.88,4074.32,4074.58,233.0
2026-07-30 01:21:00,4074.62,4076.18,4073.8,4075.68,240.0
2026-07-30 01:22:00,4075.72,4078.82,4075.17,4078.63,242.0
2026-07-30 01:23:00,4078.7,4079.58,4076.37,4077.93,236.0
2026-07-30 01:24:00,4077.95,4081.35,4077.83,4080.63,223.0
2026-07-30 01:25:00,4080.48,4082.88,4080.22,4081.52,245.0
2026-07-30 01:26:00,4081.51,4083.28,4081.32,4082.93,212.0
2026-07-30 01:27:00,4082.95,4083.51,4082.09,4082.66,218.0
2026-07-30 01:28:00,4082.65,4084.63,4082.36,4082.57,232.0
2026-07-30 01:29:00,4082.61,4082.69,4080.34,4081.19,213.0
2026-07-30 01:30:00,4081.18,4082.32,4080.67,4081.85,240.0
2026-07-30 01:31:00,4081.7,4083.4,4081.39,4083.28,229.0
2026-07-30 01:32:00,4083.31,4086.12,4083.31,4085.88,218.0
2026-07-30 01:33:00,4086.16,4086.16,4085.25,4085.88,231.0
2026-07-30 01:34:00,4085.92,4086.34,4085.08,4085.8,233.0
2026-07-30 01:35:00,4085.62,4087.94,4085.5,4086.7,223.0
2026-07-30 01:36:00,4086.68,4086.74,4084.39,4084.81,232.0
2026-07-30 01:37:00,4084.67,4087.63,4084.67,4086.74,231.0
2026-07-30 01:38:00,4086.99,4086.99,4085.57,4086.14,210.0
2026-07-30 01:39:00,4086.62,4087.31,4085.81,4086.94,222.0
2026-07-30 01:40:00,4086.95,4089.54,4086.95,4088.91,223.0
2026-07-30 01:41:00,4088.9,4089.19,4087.62,4089.11,200.0
2026-07-30 01:42:00,4089.09,4089.6,4088.12,4088.6,200.0
2026-07-30 01:43:00,4088.57,4089.18,4088.05,4088.05,187.0
2026-07-30 01:44:00,4088.04,4089.45,4086.41,4086.7,197.0
2026-07-30 01:45:00,4086.67,4087.86,4085.9,4086.99,205.0
2026-07-30 01:46:00,4087.06,4087.06,4084.71,4085.06,204.0
2026-07-30 01:47:00,4085.07,4086.8,4084.72,4084.92,199.0
2026-07-30 01:48:00,4084.89,4086.37,4083.81,4086.32,196.0
2026-07-30 01:49:00,4086.33,4089.75,4086.33,4088.59,201.0
2026-07-30 01:50:00,4088.64,4088.64,4086.82,4087.61,151.0
2026-07-30 01:51:00,4087.59,4089.24,4087.32,4088.57,208.0
2026-07-30 01:52:00,4088.7,4089.02,4088.04,4088.66,190.0
2026-07-30 01:53:00,4088.95,4090.14,4087.45,4087.6,204.0
2026-07-30 01:54:00,4087.57,4089.53,4087.03,4088.34,196.0
2026-07-30 01:55:00,4088.32,4090.93,4087.76,4088.79,216.0
2026-07-30 01:56:00,4088.85,4089.27,4087.66,4087.69,187.0
2026-07-30 01:57:00,4087.7,4088.1,4086.24,4086.4,202.0
2026-07-30 01:58:00,4086.44,4086.87,4085.13,4085.35,197.0
2026-07-30 01:59:00,4085.31,4085.56,4084.11,4084.59,187.0
2026-07-30 02:00:00,4084.64,4089.22,4084.47,4088.5,214.0
2026-07-30 02:01:00,4088.56,4090.32,4085.58,4085.76,226.0
2026-07-30 02:02:00,4085.73,4087.19,4085.09,4087.19,186.0
2026-07-30 02:03:00,4087.22,4089.52,4087.22,4089.01,183.0
2026-07-30 02:04:00,4088.99,4089.56,4088.69,4089.53,190.0
2026-07-30 02:05:00,4089.56,4089.57,4087.73,4088.12,189.0
2026-07-30 02:06:00,4088.08,4088.99,4087.79,4088.57,174.0
2026-07-30 02:07:00,4088.56,4089.96,4087.77,4088.05,160.0
2026-07-30 02:08:00,4087.95,4089.17,4087.95,4088.5,163.0
2026-07-30 02:09:00,4088.44,4088.91,4087.4,4088.17,158.0
2026-07-30 02:10:00,4088.21,4088.43,4085.6,4085.6,175.0
2026-07-30 02:11:00,4085.39,4086.66,4084.59,4086.27,198.0
2026-07-30 02:12:00,4086.24,4086.63,4084.04,4084.26,162.0
2026-07-30 02:13:00,4084.26,4084.78,4083.81,4083.81,158.0
2026-07-30 02:14:00,4083.67,4083.82,4082.35,4082.51,193.0
2026-07-30 02:15:00,4082.53,4082.79,4080.09,4080.73,198.0
2026-07-30 02:16:00,4080.74,4081.08,4079.96,4080.3,162.0
2026-07-30 02:17:00,4080.17,4080.71,4079.94,4080.61,149.0
2026-07-30 02:18:00,4080.68,4081.12,4079.99,4080.86,190.0
2026-07-30 02:19:00,4080.84,4082.28,4080.83,4082.17,163.0
2026-07-30 02:20:00,4082.15,4083.64,4081.68,4081.69,189.0
2026-07-30 02:21:00,4081.65,4081.78,4081.13,4081.3,141.0
2026-07-30 02:22:00,4081.33,4082.53,4081.32,4081.8,157.0
2026-07-30 02:23:00,4081.82,4082.24,4080.69,4082.21,157.0
2026-07-30 02:24:00,4082.28,4083.24,4081.69,4082.86,177.0
2026-07-30 02:25:00,4082.92,4083.44,4081.65,4081.65,159.0
2026-07-30 02:26:00,4081.65,4081.7,4080.23,4080.23,140.0
2026-07-30 02:27:00,4080.31,4081.23,4080.31,4081.14,130.0
2026-07-30 02:28:00,4081.2,4081.76,4080.78,4081.71,146.0
2026-07-30 02:29:00,4081.7,4083.6,4081.63,4082.66,152.0
2026-07-30 02:30:00,4082.72,4082.74,4080.29,4080.77,217.0
2026-07-30 02:31:00,4080.59,4081.07,4078.36,4078.49,225.0
2026-07-30 02:32:00,4078.4,4078.65,4076.14,4076.15,214.0
2026-07-30 02:33:00,4076.1,4076.99,4075.42,4075.76,212.0
2026-07-30 02:34:00,4075.78,4076.69,4075.48,4076.24,231.0
2026-07-30 02:35:00,4076.35,4077.89,4075.96,4077.84,183.0
2026-07-30 02:36:00,4077.85,4078.29,4076.78,4077.49,189.0
2026-07-30 02:37:00,4077.39,4077.58,4076.03,4077.28,191.0
2026-07-30 02:38:00,4077.41,4077.56,4074.7,4075.81,236.0
2026-07-30 02:39:00,4075.78,4076.82,4075.67,4076.5,195.0
2026-07-30 02:40:00,4076.54,4078.67,4076.41,4078.67,215.0
2026-07-30 02:41:00,4078.65,4078.84,4075.68,4076.17,224.0
2026-07-30 02:42:00,4076.08,4076.08,4073.59,4074.73,220.0
2026-07-30 02:43:00,4074.43,4075.82,4073.72,4075.77,199.0
2026-07-30 02:44:00,4075.74,4077.09,4075.47,4076.8,199.0
2026-07-30 02:45:00,4076.82,4077.01,4075.32,4075.47,191.0
2026-07-30 02:46:00,4075.26,4076.11,4074.69,4075.89,224.0
2026-07-30 02:47:00,4075.86,4076.32,4075.25,4075.77,183.0
2026-07-30 02:48:00,4075.82,4076.74,4075.68,4075.97,159.0
2026-07-30 02:49:00,4075.77,4076.06,4073.44,4074.54,161.0
2026-07-30 02:50:00,4074.55,4074.55,4072.48,4072.7,190.0
2026-07-30 02:51:00,4072.71,4074.75,4072.71,4074.34,179.0
2026-07-30 02:52:00,4074.18,4074.18,4071.79,4072.63,163.0
2026-07-30 02:53:00,4072.64,4072.7,4071.73,4072.45,169.0
2026-07-30 02:54:00,4072.5,4072.5,4070.05,4070.87,194.0
2026-07-30 02:55:00,4070.93,4071.48,4070.06,4070.07,184.0
2026-07-30 02:56:00,4069.99,4070.15,4068.89,4069.72,192.0
2026-07-30 02:57:00,4069.76,4070.13,4068.18,4068.45,209.0
2026-07-30 02:58:00,4068.46,4068.5,4066.08,4066.27,204.0
2026-07-30 02:59:00,4066.09,4066.25,4063.39,4063.67,156.0
2026-07-30 03:00:00,4063.69,4065.61,4062.58,4063.96,213.0
2026-07-30 03:01:00,4064.05,4067.32,4064.03,4067.2,200.0
2026-07-30 03:02:00,4067.11,4068.73,4066.68,4068.55,206.0
2026-07-30 03:03:00,4068.29,4069.69,4067.85,4068.26,232.0
2026-07-30 03:04:00,4068.27,4069.46,4067.95,4069.46,189.0
2026-07-30 03:05:00,4069.37,4069.7,4068.98,4069.69,202.0
2026-07-30 03:06:00,4069.88,4070.07,4068.99,4069.01,163.0
2026-07-30 03:07:00,4068.99,4069.54,4067.21,4067.38,160.0
2026-07-30 03:08:00,4067.38,4067.72,4065.29,4065.29,206.0
2026-07-30 03:09:00,4065.19,4065.68,4064.1,4064.44,146.0
2026-07-30 03:10:00,4064.46,4065.35,4064.17,4064.22,193.0
2026-07-30 03:11:00,4064.23,4064.78,4063.67,4063.79,188.0
2026-07-30 03:12:00,4063.85,4063.86,4061.02,4061.77,210.0
2026-07-30 03:13:00,4061.79,4062.16,4060.55,4062.11,192.0
2026-07-30 03:14:00,4062.1,4063.74,4061.06,4062.92,169.0
2026-07-30 03:15:00,4062.96,4063.85,4062.84,4063.43,183.0
2026-07-30 03:16:00,4063.34,4063.34,4060.89,4061.33,204.0
2026-07-30 03:17:00,4061.33,4061.75,4060.45,4061.03,184.0
2026-07-30 03:18:00,4061.04,4061.2,4060.24,4060.63,170.0
2026-07-30 03:19:00,4060.54,4060.54,4056.46,4057.77,198.0
2026-07-30 03:20:00,4057.72,4058.49,4056.69,4057.05,201.0
2026-07-30 03:21:00,4057.07,4057.27,4055.48,4056.18,204.0
2026-07-30 03:22:00,4056.14,4057.7,4055.34,4055.57,171.0
2026-07-30 03:23:00,4055.7,4057.67,4055.59,4057.59,189.0
2026-07-30 03:24:00,4057.61,4058.12,4056.1,4056.67,187.0
2026-07-30 03:25:00,4056.69,4057.51,4056.18,4057.35,192.0
2026-07-30 03:26:00,4057.33,4057.33,4055.64,4056.65,189.0
2026-07-30 03:27:00,4056.64,4056.76,4053.25,4053.25,178.0
2026-07-30 03:28:00,4053.29,4054.77,4052.6,4054.12,190.0
2026-07-30 03:29:00,4054.09,4054.35,4052.52,4053.81,222.0
2026-07-30 03:30:00,4053.8,4055.24,4051.59,4053.81,202.0
2026-07-30 03:31:00,4053.69,4053.99,4052.7,4053.44,177.0
2026-07-30 03:32:00,4053.47,4053.97,4052.14,4053.13,180.0
2026-07-30 03:33:00,4053.05,4054.04,4052.2,4054.0,191.0
2026-07-30 03:34:00,4054.04,4055.01,4052.93,4053.64,180.0
2026-07-30 03:35:00,4053.77,4054.82,4053.55,4054.65,167.0
2026-07-30 03:36:00,4054.64,4055.88,4050.96,4051.3,200.0
2026-07-30 03:37:00,4051.26,4052.47,4050.78,4052.47,177.0
2026-07-30 03:38:00,4052.46,4053.09,4051.85,4052.08,162.0
2026-07-30 03:39:00,4052.08,4052.27,4050.81,4051.41,136.0
2026-07-30 03:40:00,4051.43,4053.74,4051.33,4053.65,137.0
2026-07-30 03:41:00,4053.69,4053.8,4052.84,4053.0,151.0
2026-07-30 03:42:00,4052.99,4053.47,4052.32,4053.47,161.0
2026-07-30 03:43:00,4053.64,4053.64,4052.56,4052.69,141.0
2026-07-30 03:44:00,4052.7,4053.24,4052.03,4052.46,160.0
2026-07-30 03:45:00,4052.37,4055.82,4052.37,4055.23,190.0
2026-07-30 03:46:00,4055.28,4055.86,4054.01,4054.48,148.0
2026-07-30 03:47:00,4054.47,4056.72,4054.46,4055.51,155.0
2026-07-30 03:48:00,4055.47,4057.43,4054.59,4057.41,155.0
2026-07-30 03:49:00,4057.33,4058.48,4056.91,4058.08,182.0
2026-07-30 03:50:00,4057.94,4058.59,4057.43,4058.53,181.0
2026-07-30 03:51:00,4058.6,4059.12,4058.17,4058.41,140.0
2026-07-30 03:52:00,4058.39,4059.35,4058.39,4059.04,138.0
2026-07-30 03:53:00,4059.03,4059.67,4058.47,4058.69,157.0
2026-07-30 03:54:00,4058.79,4059.39,4058.4,4058.41,122.0
2026-07-30 03:55:00,4058.41,4058.9,4057.8,4058.53,155.0
2026-07-30 03:56:00,4058.54,4059.29,4058.47,4059.22,97.0
2026-07-30 03:57:00,4059.19,4059.83,4057.84,4057.84,128.0
2026-07-30 03:58:00,4057.82,4058.01,4056.74,4056.88,154.0
2026-07-30 03:59:00,4056.82,4058.93,4056.82,4058.82,151.0
2026-07-30 04:00:00,4058.83,4059.99,4057.99,4059.37,196.0
2026-07-30 04:01:00,4059.35,4059.83,4058.14,4059.02,180.0
2026-07-30 04:02:00,4059.03,4060.12,4059.03,4059.57,167.0
2026-07-30 04:03:00,4059.5,4060.06,4056.81,4056.97,150.0
2026-07-30 04:04:00,4056.74,4057.33,4055.76,4056.65,136.0
2026-07-30 04:05:00,4056.66,4056.72,4055.62,4056.07,167.0
2026-07-30 04:06:00,4056.08,4056.08,4054.88,4054.9,157.0
2026-07-30 04:07:00,4054.88,4056.32,4054.68,4056.32,154.0
2026-07-30 04:08:00,4056.35,4056.95,4056.35,4056.89,124.0
2026-07-30 04:09:00,4056.93,4057.04,4056.08,4056.17,125.0
2026-07-30 04:10:00,4056.18,4056.7,4054.9,4055.01,167.0
2026-07-30 04:11:00,4055.02,4055.02,4052.95,4053.28,169.0
2026-07-30 04:12:00,4053.27,4054.83,4053.14,4054.38,154.0
2026-07-30 04:13:00,4054.39,4054.39,4053.89,4054.16,98.0
2026-07-30 04:14:00,4054.13,4054.79,4053.35,4053.36,132.0
2026-07-30 04:15:00,4053.34,4054.33,4053.07,4054.33,153.0
2026-07-30 04:16:00,4054.37,4054.8,4053.43,4054.17,118.0
2026-07-30 04:17:00,4054.13,4054.24,4053.39,4053.77,123.0
2026-07-30 04:18:00,4053.76,4053.91,4053.2,4053.82,116.0
2026-07-30 04:19:00,4053.92,4054.1,4052.08,4052.21,142.0
2026-07-30 04:20:00,4052.22,4053.1,4051.12,4052.87,151.0
2026-07-30 04:21:00,4052.88,4053.75,4052.88,4053.09,134.0
2026-07-30 04:22:00,4053.08,4053.09,4051.67,4052.29,141.0
2026-07-30 04:23:00,4052.31,4052.79,4052.15,4052.52,106.0
2026-07-30 04:24:00,4052.43,4052.81,4052.2,4052.51,143.0
2026-07-30 04:25:00,4052.54,4053.22,4052.43,4052.79,129.0
2026-07-30 04:26:00,4052.79,4053.84,4052.79,4053.84,121.0
2026-07-30 04:27:00,4053.82,4055.3,4053.81,4054.84,124.0
2026-07-30 04:28:00,4054.87,4054.87,4053.44,4053.53,123.0
2026-07-30 04:29:00,4053.54,4054.41,4053.35,4054.13,145.0
2026-07-30 04:30:00,4054.09,4054.09,4052.37,4052.44,143.0
2026-07-30 04:31:00,4052.45,4053.52,4052.33,4053.19,142.0
2026-07-30 04:32:00,4053.12,4053.16,4051.95,4052.01,107.0
2026-07-30 04:33:00,4052.02,4052.9,4052.02,4052.52,148.0
2026-07-30 04:34:00,4052.53,4052.54,4051.58,4051.7,139.0
2026-07-30 04:35:00,4051.82,4052.31,4051.58,4051.88,143.0
2026-07-30 04:36:00,4051.85,4052.14,4051.19,4051.19,111.0
2026-07-30 04:37:00,4051.11,4051.64,4051.02,4051.64,100.0
2026-07-30 04:38:00,4051.55,4051.58,4049.52,4050.03,154.0
2026-07-30 04:39:00,4050.08,4050.29,4049.22,4049.93,121.0
2026-07-30 04:40:00,4049.94,4050.02,4048.4,4049.35,170.0
2026-07-30 04:41:00,4049.19,4049.66,4048.05,4048.09,137.0
2026-07-30 04:42:00,4048.08,4048.5,4047.73,4047.87,130.0
2026-07-30 04:43:00,4047.91,4048.75,4047.74,4048.4,144.0
2026-07-30 04:44:00,4048.83,4050.38,4048.69,4048.69,141.0
2026-07-30 04:45:00,4048.7,4049.83,4048.44,4049.78,124.0
2026-07-30 04:46:00,4049.79,4051.68,4049.69,4051.54,163.0
2026-07-30 04:47:00,4051.55,4051.95,4049.3,4049.43,162.0
2026-07-30 04:48:00,4049.44,4049.44,4046.69,4046.9,166.0
2026-07-30 04:49:00,4046.97,4047.5,4046.21,4046.84,161.0
2026-07-30 04:50:00,4046.83,4047.04,4046.02,4046.5,140.0
2026-07-30 04:51:00,4046.54,4048.35,4046.42,4047.7,171.0
2026-07-30 04:52:00,4047.79,4048.22,4047.03,4047.69,179.0
2026-07-30 04:53:00,4047.57,4048.06,4046.79,4047.91,149.0
2026-07-30 04:54:00,4047.88,4048.25,4047.29,4047.67,144.0
2026-07-30 04:55:00,4047.62,4047.96,4046.78,4047.3,150.0
2026-07-30 04:56:00,4047.35,4047.47,4046.2,4046.67,158.0
2026-07-30 04:57:00,4046.65,4047.21,4045.73,4046.4,130.0
2026-07-30 04:58:00,4046.36,4046.8,4044.44,4046.49,173.0
2026-07-30 04:59:00,4046.47,4047.05,4045.83,4046.02,134.0
2026-07-30 05:00:00,4046.12,4046.12,4043.39,4044.29,174.0
2026-07-30 05:01:00,4044.35,4045.58,4042.04,4042.57,188.0
2026-07-30 05:02:00,4042.56,4043.75,4041.71,4042.71,147.0
2026-07-30 05:03:00,4042.77,4044.08,4041.89,4043.89,156.0
2026-07-30 05:04:00,4043.88,4045.56,4043.77,4044.73,174.0
2026-07-30 05:05:00,4044.81,4045.01,4043.16,4043.38,166.0
2026-07-30 05:06:00,4043.39,4044.6,4043.19,4044.05,174.0
2026-07-30 05:07:00,4044.07,4044.45,4041.84,4042.46,186.0
2026-07-30 05:08:00,4042.53,4044.11,4042.49,4044.11,148.0
2026-07-30 05:09:00,4044.02,4045.54,4044.02,4045.13,154.0
2026-07-30 05:10:00,4045.12,4045.38,4044.11,4045.27,135.0
2026-07-30 05:11:00,4045.12,4045.49,4044.32,4044.32,157.0
2026-07-30 05:12:00,4044.44,4045.32,4043.93,4044.53,135.0
2026-07-30 05:13:00,4044.52,4045.95,4044.38,4044.72,163.0
2026-07-30 05:14:00,4044.7,4045.9,4044.59,4045.9,159.0
2026-07-30 05:15:00,4045.9,4046.32,4044.99,4045.39,158.0
2026-07-30 05:16:00,4045.3,4045.86,4044.55,4045.19,167.0
2026-07-30 05:17:00,4045.23,4045.3,4042.18,4042.35,188.0
2026-07-30 05:18:00,4042.37,4042.53,4037.65,4039.1,209.0
2026-07-30 05:19:00,4039.3,4041.98,4039.03,4041.98,147.0
2026-07-30 05:20:00,4042.02,4043.77,4041.79,4043.42,160.0
2026-07-30 05:21:00,4043.59,4044.5,4042.01,4042.01,142.0
2026-07-30 05:22:00,4041.96,4043.49,4041.3,4043.47,159.0
2026-07-30 05:23:00,4043.41,4043.99,4041.68,4043.99,175.0
2026-07-30 05:24:00,4044.01,4044.27,4043.23,4044.05,175.0
2026-07-30 05:25:00,4043.97,4044.94,4043.82,4043.88,170.0
2026-07-30 05:26:00,4044.07,4044.07,4042.91,4043.57,175.0
2026-07-30 05:27:00,4043.58,4045.38,4043.58,4045.38,145.0
2026-07-30 05:28:00,4045.33,4047.32,4045.33,4046.84,159.0
2026-07-30 05:29:00,4046.86,4047.04,4046.18,4046.92,160.0
2026-07-30 05:30:00,4046.39,4050.59,4045.26,4050.34,263.0
2026-07-30 05:31:00,4050.36,4051.33,4048.97,4050.62,203.0
2026-07-30 05:32:00,4050.54,4050.54,4047.15,4047.19,253.0
2026-07-30 05:33:00,4047.22,4049.72,4047.22,4048.55,226.0
2026-07-30 05:34:00,4048.56,4048.57,4046.43,4048.03,227.0
2026-07-30 05:35:00,4047.83,4047.83,4042.48,4043.55,229.0
2026-07-30 05:36:00,4043.51,4044.44,4040.49,4040.56,245.0
2026-07-30 05:37:00,4040.62,4040.78,4033.54,4033.81,269.0
2026-07-30 05:38:00,4033.95,4034.17,4028.44,4032.59,259.0
2026-07-30 05:39:00,4032.5,4034.2,4030.74,4031.57,248.0
2026-07-30 05:40:00,4031.55,4036.54,4029.8,4035.54,241.0
2026-07-30 05:41:00,4035.55,4035.91,4033.4,4035.17,238.0
2026-07-30 05:42:00,4035.19,4036.76,4034.4,4036.75,213.0
2026-07-30 05:43:00,4036.76,4036.96,4033.82,4035.24,224.0
2026-07-30 05:44:00,4035.21,4036.72,4032.32,4033.35,235.0
2026-07-30 05:45:00,4033.34,4033.56,4031.32,4033.03,200.0
2026-07-30 05:46:00,4032.98,4038.4,4032.71,4036.21,239.0
2026-07-30 05:47:00,4036.12,4036.25,4033.4,4033.52,219.0
2026-07-30 05:48:00,4033.6,4034.74,4032.4,4032.43,218.0
2026-07-30 05:49:00,4032.27,4032.67,4030.67,4032.21,207.0
2026-07-30 05:50:00,4032.12,4034.96,4031.94,4034.06,205.0
2026-07-30 05:51:00,4034.05,4035.14,4033.48,4034.41,178.0
2026-07-30 05:52:00,4034.5,4035.11,4033.54,4034.25,191.0
2026-07-30 05:53:00,4034.27,4034.27,4030.56,4030.82,200.0
2026-07-30 05:54:00,4031.01,4033.33,4030.41,4033.2,217.0
2026-07-30 05:55:00,4033.1,4033.1,4030.08,4031.38,235.0
2026-07-30 05:56:00,4031.36,4035.39,4031.24,4035.14,225.0
2026-07-30 05:57:00,4035.13,4035.95,4033.66,4033.66,188.0
2026-07-30 05:58:00,4033.7,4034.71,4032.32,4034.34,177.0
2026-07-30 05:59:00,4034.41,4034.71,4033.33,4033.62,152.0
2026-07-30 06:00:00,4033.65,4038.34,4033.65,4036.0,231.0
2026-07-30 06:01:00,4036.01,4036.77,4034.82,4036.15,232.0
2026-07-30 06:02:00,4036.02,4037.65,4035.25,4036.45,208.0
2026-07-30 06:03:00,4036.46,4037.92,4035.4,4037.14,205.0
2026-07-30 06:04:00,4037.09,4038.16,4036.7,4038.13,193.0
2026-07-30 06:05:00,4038.17,4039.46,4037.9,4039.01,232.0
2026-07-30 06:06:00,4039.03,4039.03,4034.95,4037.07,226.0
2026-07-30 06:07:00,4037.05,4038.15,4035.88,4036.86,183.0
2026-07-30 06:08:00,4036.78,4038.66,4036.69,4037.52,194.0
2026-07-30 06:09:00,4037.51,4038.73,4035.27,4035.77,209.0
2026-07-30 06:10:00,4035.82,4037.05,4035.36,4035.74,219.0
2026-07-30 06:11:00,4036.24,4036.24,4033.44,4034.49,224.0
2026-07-30 06:12:00,4034.58,4034.58,4031.77,4033.31,233.0
2026-07-30 06:13:00,4033.32,4033.67,4031.24,4032.56,181.0
2026-07-30 06:14:00,4032.75,4033.66,4031.84,4032.35,211.0
2026-07-30 06:15:00,4032.34,4033.01,4030.83,4032.28,206.0
2026-07-30 06:16:00,4032.27,4033.61,4031.78,4033.13,199.0
2026-07-30 06:17:00,4033.11,4033.61,4032.5,4033.57,190.0
2026-07-30 06:18:00,4033.44,4033.46,4031.58,4031.73,186.0
2026-07-30 06:19:00,4031.72,4034.15,4031.46,4033.67,181.0
2026-07-30 06:20:00,4033.69,4035.16,4033.2,4033.64,217.0
2026-07-30 06:21:00,4033.67,4036.49,4033.64,4035.99,210.0
2026-07-30 06:22:00,4035.95,4039.32,4035.9,4038.49,195.0
2026-07-30 06:23:00,4038.17,4038.57,4036.86,4038.37,182.0
2026-07-30 06:24:00,4038.2,4038.72,4037.11,4037.42,197.0
2026-07-30 06:25:00,4037.52,4037.52,4035.27,4035.27,206.0
2026-07-30 06:26:00,4035.36,4035.85,4034.61,4035.3,173.0
2026-07-30 06:27:00,4035.35,4035.35,4031.17,4031.17,188.0
2026-07-30 06:28:00,4031.19,4032.02,4029.4,4030.88,233.0
2026-07-30 06:29:00,4030.87,4033.74,4030.45,4033.08,186.0
2026-07-30 06:30:00,4033.17,4035.41,4031.04,4031.88,206.0
2026-07-30 06:31:00,4031.89,4033.78,4031.34,4033.68,197.0
2026-07-30 06:32:00,4033.66,4036.35,4033.55,4035.8,185.0
2026-07-30 06:33:00,4035.86,4036.7,4035.56,4035.81,195.0
2026-07-30 06:34:00,4035.8,4035.98,4034.21,4035.45,192.0
2026-07-30 06:35:00,4035.5,4035.86,4034.78,4035.0,186.0
2026-07-30 06:36:00,4034.99,4035.46,4034.17,4035.01,179.0
2026-07-30 06:37:00,4034.94,4035.97,4034.82,4035.6,169.0
2026-07-30 06:38:00,4035.61,4037.04,4035.38,4036.05,195.0
2026-07-30 06:39:00,4036.05,4037.23,4036.05,4037.07,167.0
2026-07-30 06:40:00,4037.17,4037.23,4034.29,4035.78,165.0
2026-07-30 06:41:00,4035.83,4036.33,4035.0,4036.28,147.0
2026-07-30 06:42:00,4036.28,4038.1,4035.08,4037.74,190.0
2026-07-30 06:43:00,4037.71,4038.26,4035.62,4036.5,172.0
2026-07-30 06:44:00,4036.49,4036.92,4035.69,4035.75,165.0
2026-07-30 06:45:00,4035.79,4036.34,4034.38,4035.69,166.0
2026-07-30 06:46:00,4035.67,4037.8,4035.67,4037.48,186.0
2026-07-30 06:47:00,4037.45,4037.82,4035.92,4036.38,180.0
2026-07-30 06:48:00,4036.28,4036.3,4034.47,4035.48,171.0
2026-07-30 06:49:00,4035.61,4036.54,4034.25,4036.24,161.0
2026-07-30 06:50:00,4036.42,4036.85,4035.95,4036.2,189.0
2026-07-30 06:51:00,4036.17,4040.39,4036.17,4039.96,202.0
2026-07-30 06:52:00,4039.91,4040.45,4039.53,4039.66,162.0
2026-07-30 06:53:00,4039.67,4039.89,4038.18,4039.81,183.0
2026-07-30 06:54:00,4039.82,4040.07,4038.53,4038.68,178.0
2026-07-30 06:55:00,4038.67,4038.81,4037.97,4038.44,147.0
2026-07-30 06:56:00,4038.43,4038.44,4036.15,4036.18,137.0
2026-07-30 06:57:00,4036.21,4036.59,4035.24,4035.64,143.0
2026-07-30 06:58:00,4035.6,4036.22,4035.55,4035.55,123.0
2026-07-30 06:59:00,4035.6,4036.79,4035.54,4036.78,168.0
2026-07-30 07:00:00,4036.27,4040.28,4035.61,4039.77,236.0
2026-07-30 07:01:00,4039.71,4043.51,4039.27,4043.29,236.0
2026-07-30 07:02:00,4043.25,4046.17,4042.29,4045.26,251.0
2026-07-30 07:03:00,4045.03,4047.38,4043.76,4046.97,261.0
2026-07-30 07:04:00,4046.75,4047.94,4044.73,4044.79,226.0
2026-07-30 07:05:00,4044.67,4044.96,4042.6,4044.11,213.0
2026-07-30 07:06:00,4044.1,4045.01,4043.58,4044.85,224.0
2026-07-30 07:07:00,4044.75,4045.54,4043.65,4043.92,211.0
2026-07-30 07:08:00,4043.96,4045.26,4043.38,4043.41,206.0
2026-07-30 07:09:00,4043.15,4045.53,4043.0,4045.53,195.0
2026-07-30 07:10:00,4045.73,4045.87,4044.67,4045.79,195.0
2026-07-30 07:11:00,4045.86,4046.29,4044.93,4045.61,214.0
2026-07-30 07:12:00,4045.63,4047.41,4045.17,4047.41,205.0
2026-07-30 07:13:00,4047.34,4047.65,4045.9,4045.9,202.0
2026-07-30 07:14:00,4045.68,4046.77,4043.96,4046.62,205.0
2026-07-30 07:15:00,4046.73,4049.17,4046.54,4047.31,206.0
2026-07-30 07:16:00,4047.33,4049.93,4047.11,4047.65,194.0
2026-07-30 07:17:00,4047.41,4049.19,4047.05,4049.05,186.0
2026-07-30 07:18:00,4049.08,4050.52,4047.95,4049.81,173.0
2026-07-30 07:19:00,4049.52,4051.37,4048.92,4049.69,187.0
2026-07-30 07:20:00,4049.41,4050.36,4045.68,4045.68,187.0
2026-07-30 07:21:00,4045.71,4046.32,4044.53,4045.66,162.0
2026-07-30 07:22:00,4045.64,4046.53,4045.31,4046.35,165.0
2026-07-30 07:23:00,4046.36,4046.72,4044.92,4046.3,175.0
2026-07-30 07:24:00,4046.23,4048.09,4046.15,4048.09,194.0
2026-07-30 07:25:00,4048.11,4048.11,4045.12,4046.55,169.0
2026-07-30 07:26:00,4046.74,4047.01,4045.59,4045.96,176.0
2026-07-30 07:27:00,4045.92,4046.45,4044.76,4044.99,163.0
2026-07-30 07:28:00,4044.86,4045.87,4043.47,4044.16,194.0
2026-07-30 07:29:00,4044.06,4046.45,4043.1,4045.95,188.0
2026-07-30 07:30:00,4045.93,4046.13,4042.74,4044.1,193.0
2026-07-30 07:31:00,4044.12,4044.24,4042.41,4042.63,163.0
2026-07-30 07:32:00,4042.67,4042.67,4040.54,4040.77,171.0
2026-07-30 07:33:00,4041.07,4041.55,4040.64,4040.98,167.0
2026-07-30 07:34:00,4041.07,4041.85,4040.19,4041.2,169.0
2026-07-30 07:35:00,4041.4,4042.19,4040.58,4041.27,152.0
2026-07-30 07:36:00,4041.28,4041.35,4039.34,4039.99,183.0
2026-07-30 07:37:00,4039.98,4040.18,4039.14,4039.96,157.0
2026-07-30 07:38:00,4039.92,4040.14,4036.12,4037.09,205.0
2026-07-30 07:39:00,4037.12,4040.8,4037.12,4040.55,171.0
2026-07-30 07:40:00,4040.6,4042.41,4040.52,4041.92,198.0
2026-07-30 07:41:00,4041.9,4044.24,4041.37,4043.04,167.0
2026-07-30 07:42:00,4043.0,4043.31,4042.49,4043.16,165.0
2026-07-30 07:43:00,4043.21,4045.41,4042.61,4045.22,182.0
2026-07-30 07:44:00,4045.42,4047.2,4044.87,4045.9,171.0
2026-07-30 07:45:00,4045.85,4046.61,4045.1,4045.91,179.0
2026-07-30 07:46:00,4045.93,4046.04,4043.76,4043.79,169.0
2026-07-30 07:47:00,4043.82,4043.82,4041.92,4041.92,177.0
2026-07-30 07:48:00,4042.04,4043.52,4042.04,4043.37,179.0
2026-07-30 07:49:00,4043.4,4043.4,4041.69,4041.92,148.0
2026-07-30 07:50:00,4041.86,4042.24,4040.35,4042.22,182.0
2026-07-30 07:51:00,4042.13,4043.96,4041.56,4043.71,202.0
2026-07-30 07:52:00,4043.68,4044.59,4042.71,4042.71,153.0
2026-07-30 07:53:00,4042.78,4045.44,4042.53,4045.44,175.0
2026-07-30 07:54:00,4045.22,4045.22,4040.75,4040.75,153.0
2026-07-30 07:55:00,4040.55,4041.06,4039.47,4039.66,181.0
2026-07-30 07:56:00,4039.67,4039.94,4038.16,4038.22,180.0
2026-07-30 07:57:00,4038.23,4039.66,4038.23,4038.59,135.0
2026-07-30 07:58:00,4038.61,4040.48,4038.27,4040.01,139.0
2026-07-30 07:59:00,4039.98,4040.95,4038.69,4038.9,178.0
2026-07-30 08:00:00,4038.71,4040.31,4036.78,4038.47,238.0
2026-07-30 08:01:00,4038.41,4039.57,4036.52,4039.57,204.0
2026-07-30 08:02:00,4039.59,4039.97,4037.6,4039.39,188.0
2026-07-30 08:03:00,4039.49,4041.77,4038.25,4041.0,221.0
2026-07-30 08:04:00,4040.96,4045.83,4040.95,4045.48,222.0
2026-07-30 08:05:00,4045.74,4048.62,4045.03,4048.15,247.0
2026-07-30 08:06:00,4048.18,4051.25,4047.49,4051.25,210.0
2026-07-30 08:07:00,4051.13,4053.66,4049.62,4052.5,217.0
2026-07-30 08:08:00,4052.27,4052.36,4049.54,4050.55,224.0
2026-07-30 08:09:00,4050.56,4051.53,4049.41,4050.39,220.0
2026-07-30 08:10:00,4050.48,4052.54,4049.46,4052.41,223.0
2026-07-30 08:11:00,4052.36,4052.68,4050.58,4052.03,181.0
2026-07-30 08:12:00,4052.05,4056.09,4052.03,4055.29,200.0
2026-07-30 08:13:00,4055.12,4055.16,4051.95,4052.45,200.0
2026-07-30 08:14:00,4052.34,4055.07,4051.98,4053.23,206.0
2026-07-30 08:15:00,4053.28,4054.84,4052.23,4054.03,203.0
2026-07-30 08:16:00,4054.02,4054.95,4053.75,4054.44,174.0
2026-07-30 08:17:00,4054.45,4056.02,4054.18,4054.87,182.0
2026-07-30 08:18:00,4054.82,4055.15,4053.42,4054.56,205.0
2026-07-30 08:19:00,4054.55,4056.95,4054.27,4056.84,203.0
2026-07-30 08:20:00,4056.85,4058.41,4055.82,4057.36,200.0
2026-07-30 08:21:00,4057.33,4060.16,4056.77,4059.69,220.0
2026-07-30 08:22:00,4059.58,4059.81,4057.5,4058.16,208.0
2026-07-30 08:23:00,4058.07,4063.45,4057.88,4063.05,195.0
2026-07-30 08:24:00,4062.97,4063.95,4060.06,4060.23,189.0
2026-07-30 08:25:00,4060.25,4063.32,4060.16,4063.24,199.0
2026-07-30 08:26:00,4063.29,4065.04,4061.95,4064.46,221.0
2026-07-30 08:27:00,4064.48,4068.47,4064.48,4065.02,222.0
2026-07-30 08:28:00,4065.09,4066.85,4064.96,4065.77,211.0
2026-07-30 08:29:00,4065.96,4065.97,4064.0,4064.66,195.0
2026-07-30 08:30:00,4064.51,4068.04,4063.5,4067.71,200.0
2026-07-30 08:31:00,4067.64,4069.88,4067.05,4069.73,235.0
2026-07-30 08:32:00,4069.74,4072.94,4069.66,4070.18,249.0
2026-07-30 08:33:00,4070.12,4070.15,4067.55,4069.02,229.0
2026-07-30 08:34:00,4069.06,4070.1,4068.03,4068.19,193.0
2026-07-30 08:35:00,4068.18,4068.51,4066.41,4066.61,223.0
2026-07-30 08:36:00,4066.6,4071.68,4066.6,4070.04,230.0
2026-07-30 08:37:00,4070.03,4070.62,4068.79,4068.95,187.0
2026-07-30 08:38:00,4068.92,4068.92,4064.61,4065.06,198.0
2026-07-30 08:39:00,4065.02,4065.52,4064.56,4064.9,143.0
2026-07-30 08:40:00,4064.6,4066.24,4063.63,4064.94,195.0
2026-07-30 08:41:00,4065.04,4065.22,4063.02,4063.84,176.0
2026-07-30 08:42:00,4063.9,4066.08,4063.68,4064.98,196.0
2026-07-30 08:43:00,4064.97,4065.47,4063.53,4065.14,204.0
2026-07-30 08:44:00,4065.11,4066.69,4064.89,4065.77,188.0
2026-07-30 08:45:00,4065.72,4068.86,4065.72,4068.39,190.0
2026-07-30 08:46:00,4068.38,4070.0,4067.97,4069.94,200.0
2026-07-30 08:47:00,4069.99,4070.96,4069.24,4070.04,160.0
2026-07-30 08:48:00,4070.15,4070.18,4064.25,4064.53,194.0
2026-07-30 08:49:00,4064.55,4064.89,4063.58,4063.87,169.0
2026-07-30 08:50:00,4063.88,4064.02,4062.86,4063.22,157.0
2026-07-30 08:51:00,4063.23,4064.36,4063.19,4063.8,148.0
2026-07-30 08:52:00,4063.79,4063.93,4060.35,4060.5,201.0
2026-07-30 08:53:00,4060.56,4061.07,4060.07,4060.32,180.0
2026-07-30 08:54:00,4060.35,4060.61,4059.76,4060.25,157.0
2026-07-30 08:55:00,4060.24,4060.61,4060.07,4060.46,168.0
2026-07-30 08:56:00,4060.51,4061.46,4059.48,4059.86,171.0
2026-07-30 08:57:00,4059.85,4060.53,4059.78,4060.21,156.0
2026-07-30 08:58:00,4060.17,4061.97,4060.1,4061.18,180.0
2026-07-30 08:59:00,4061.07,4061.94,4060.98,4061.42,141.0
2026-07-30 09:00:00,4061.41,4062.41,4061.2,4061.87,189.0
2026-07-30 09:01:00,4061.5,4062.92,4060.35,4062.52,194.0
2026-07-30 09:02:00,4062.62,4066.37,4062.33,4065.56,206.0
2026-07-30 09:03:00,4065.56,4065.9,4065.16,4065.19,169.0
2026-07-30 09:04:00,4065.11,4067.38,4065.11,4066.41,176.0
2026-07-30 09:05:00,4066.35,4067.29,4065.72,4067.03,174.0
2026-07-30 09:06:00,4067.1,4068.31,4065.96,4066.2,167.0
2026-07-30 09:07:00,4066.25,4068.62,4066.04,4068.62,175.0
2026-07-30 09:08:00,4068.64,4068.87,4066.58,4067.42,183.0
2026-07-30 09:09:00,4067.5,4068.98,4067.14,4067.53,167.0
2026-07-30 09:10:00,4067.32,4067.68,4065.49,4066.2,173.0
2026-07-30 09:11:00,4066.19,4067.01,4066.09,4067.01,153.0
2026-07-30 09:12:00,4067.05,4067.45,4065.19,4065.19,131.0
2026-07-30 09:13:00,4065.18,4065.91,4064.95,4065.67,134.0
2026-07-30 09:14:00,4065.83,4068.69,4065.63,4065.93,222.0
2026-07-30 09:15:00,4066.01,4066.46,4064.56,4065.07,209.0
2026-07-30 09:16:00,4064.85,4066.57,4064.69,4066.37,160.0
2026-07-30 09:17:00,4066.46,4066.83,4065.48,4065.71,154.0
2026-07-30 09:18:00,4065.71,4067.17,4065.71,4067.14,160.0
2026-07-30 09:19:00,4067.14,4067.27,4065.46,4066.81,174.0
2026-07-30 09:20:00,4066.78,4067.87,4066.59,4067.86,209.0
2026-07-30 09:21:00,4067.87,4072.12,4066.89,4071.97,220.0
2026-07-30 09:22:00,4072.0,4072.0,4069.5,4069.53,171.0
2026-07-30 09:23:00,4069.56,4070.54,4068.8,4070.14,163.0
2026-07-30 09:24:00,4069.98,4070.84,4068.87,4070.14,172.0
2026-07-30 09:25:00,4070.2,4072.22,4069.92,4072.22,179.0
2026-07-30 09:26:00,4072.22,4072.45,4070.14,4070.57,154.0
2026-07-30 09:27:00,4070.59,4071.75,4070.48,4071.74,138.0
2026-07-30 09:28:00,4071.69,4072.23,4069.28,4069.33,108.0
2026-07-30 09:29:00,4069.28,4069.46,4067.16,4067.57,148.0
2026-07-30 09:30:00,4067.63,4068.14,4064.15,4064.95,187.0
2026-07-30 09:31:00,4065.01,4065.41,4064.03,4064.62,139.0
2026-07-30 09:32:00,4064.61,4064.61,4060.7,4061.55,203.0
2026-07-30 09:33:00,4061.6,4063.46,4061.14,4063.33,182.0
2026-07-30 09:34:00,4063.34,4066.33,4062.96,4066.25,198.0
2026-07-30 09:35:00,4066.27,4066.6,4065.24,4065.53,172.0
2026-07-30 09:36:00,4065.54,4068.03,4065.38,4068.01,184.0
2026-07-30 09:37:00,4068.05,4069.22,4066.58,4066.79,146.0
2026-07-30 09:38:00,4066.77,4067.34,4065.78,4065.93,174.0
2026-07-30 09:39:00,4065.96,4066.53,4065.18,4065.3,177.0
2026-07-30 09:40:00,4065.32,4065.89,4064.53,4064.76,164.0
2026-07-30 09:41:00,4064.88,4065.89,4064.5,4064.57,167.0
2026-07-30 09:42:00,4064.54,4065.64,4064.5,4065.48,163.0
2026-07-30 09:43:00,4065.48,4065.98,4064.87,4065.3,153.0
2026-07-30 09:44:00,4065.26,4065.96,4064.79,4065.55,178.0
2026-07-30 09:45:00,4065.54,4065.58,4063.83,4064.01,156.0
2026-07-30 09:46:00,4064.1,4065.47,4063.91,4065.31,149.0
2026-07-30 09:47:00,4065.36,4066.73,4065.29,4066.36,142.0
2026-07-30 09:48:00,4066.37,4067.43,4066.37,4066.97,146.0
2026-07-30 09:49:00,4066.96,4069.37,4066.59,4069.21,140.0
2026-07-30 09:50:00,4069.28,4070.86,4069.28,4070.32,199.0
2026-07-30 09:51:00,4070.26,4073.05,4070.26,4071.74,175.0
2026-07-30 09:52:00,4071.8,4072.01,4070.05,4070.05,179.0
2026-07-30 09:53:00,4069.82,4070.63,4069.16,4069.48,162.0
2026-07-30 09:54:00,4069.49,4069.71,4066.89,4067.0,151.0
2026-07-30 09:55:00,4066.98,4067.22,4066.4,4066.6,152.0
2026-07-30 09:56:00,4066.61,4066.77,4064.74,4065.06,154.0
2026-07-30 09:57:00,4065.01,4065.71,4065.0,4065.34,131.0
2026-07-30 09:58:00,4065.33,4065.55,4064.55,4064.84,157.0
2026-07-30 09:59:00,4064.87,4065.2,4062.35,4063.37,187.0
2026-07-30 10:00:00,4063.5,4064.8,4063.12,4064.35,206.0
2026-07-30 10:01:00,4064.32,4067.18,4063.93,4066.65,179.0
2026-07-30 10:02:00,4066.61,4068.05,4066.23,4067.02,181.0
2026-07-30 10:03:00,4066.99,4067.94,4066.89,4067.13,160.0
2026-07-30 10:04:00,4067.16,4067.16,4064.95,4064.99,182.0
2026-07-30 10:05:00,4064.96,4065.93,4064.54,4065.75,174.0
2026-07-30 10:06:00,4065.9,4067.21,4065.81,4067.16,112.0
2026-07-30 10:07:00,4067.2,4069.73,4066.7,4069.46,162.0
2026-07-30 10:08:00,4069.43,4070.8,4068.99,4070.47,163.0
2026-07-30 10:09:00,4070.53,4072.22,4069.98,4071.38,189.0
2026-07-30 10:10:00,4071.25,4074.7,4070.79,4071.09,245.0
2026-07-30 10:11:00,4071.02,4072.09,4069.15,4069.19,194.0
2026-07-30 10:12:00,4069.13,4069.13,4064.19,4066.76,238.0
2026-07-30 10:13:00,4066.82,4067.83,4065.56,4067.65,211.0
2026-07-30 10:14:00,4067.71,4068.69,4067.1,4068.32,173.0
2026-07-30 10:15:00,4068.41,4073.26,4067.59,4073.21,216.0
2026-07-30 10:16:00,4073.22,4077.46,4072.84,4075.08,258.0
2026-07-30 10:17:00,4075.06,4075.97,4073.89,4073.95,213.0
2026-07-30 10:18:00,4073.91,4075.64,4073.76,4075.46,183.0
2026-07-30 10:19:00,4075.47,4076.66,4074.58,4075.55,197.0
2026-07-30 10:20:00,4075.64,4076.0,4074.37,4075.83,201.0
2026-07-30 10:21:00,4075.85,4076.48,4074.46,4075.62,181.0
2026-07-30 10:22:00,4075.56,4077.01,4074.34,4076.67,169.0
2026-07-30 10:23:00,4076.68,4077.5,4074.76,4075.39,158.0
2026-07-30 10:24:00,4075.42,4076.27,4074.89,4076.26,158.0
2026-07-30 10:25:00,4076.27,4077.61,4075.8,4076.53,182.0
2026-07-30 10:26:00,4076.54,4076.89,4075.88,4075.92,184.0
2026-07-30 10:27:00,4075.95,4076.64,4075.32,4075.66,113.0
2026-07-30 10:28:00,4075.71,4076.66,4075.45,4076.21,113.0
2026-07-30 10:29:00,4076.2,4077.12,4076.11,4076.3,128.0
2026-07-30 10:30:00,4076.43,4076.58,4075.23,4075.87,164.0
2026-07-30 10:31:00,4076.12,4079.01,4076.04,4077.69,180.0
2026-07-30 10:32:00,4077.67,4077.97,4076.87,4077.4,153.0
2026-07-30 10:33:00,4077.4,4078.92,4077.08,4077.62,161.0
2026-07-30 10:34:00,4077.56,4078.38,4076.83,4077.48,160.0
2026-07-30 10:35:00,4077.37,4080.43,4077.26,4079.66,176.0
2026-07-30 10:36:00,4079.74,4081.23,4079.32,4080.16,171.0
2026-07-30 10:37:00,4080.14,4080.14,4077.45,4077.66,167.0
2026-07-30 10:38:00,4077.65,4078.04,4076.98,4076.98,166.0
2026-07-30 10:39:00,4077.0,4078.16,4076.75,4077.24,158.0
2026-07-30 10:40:00,4077.18,4081.3,4076.96,4080.72,203.0
2026-07-30 10:41:00,4080.52,4081.49,4079.5,4079.57,214.0
2026-07-30 10:42:00,4079.59,4080.21,4078.97,4079.88,184.0
2026-07-30 10:43:00,4079.87,4082.69,4079.31,4081.91,210.0
2026-07-30 10:44:00,4081.98,4081.98,4079.67,4081.23,199.0
2026-07-30 10:45:00,4081.25,4083.01,4080.76,4082.74,168.0
2026-07-30 10:46:00,4082.66,4082.73,4081.59,4081.79,186.0
2026-07-30 10:47:00,4081.78,4081.82,4080.29,4081.82,156.0
2026-07-30 10:48:00,4081.81,4081.81,4080.12,4080.42,129.0
2026-07-30 10:49:00,4080.4,4080.6,4079.73,4079.89,173.0
2026-07-30 10:50:00,4079.97,4081.82,4079.28,4080.56,205.0
2026-07-30 10:51:00,4080.41,4080.42,4078.36,4078.96,185.0
2026-07-30 10:52:00,4078.96,4079.76,4078.56,4078.74,190.0
2026-07-30 10:53:00,4078.9,4079.47,4078.05,4079.14,164.0
2026-07-30 10:54:00,4079.2,4079.9,4079.07,4079.22,123.0
2026-07-30 10:55:00,4079.27,4080.17,4078.17,4078.61,153.0
2026-07-30 10:56:00,4078.62,4079.31,4078.34,4079.13,166.0
2026-07-30 10:57:00,4079.1,4079.82,4078.33,4078.39,107.0
2026-07-30 10:58:00,4078.61,4079.67,4078.61,4079.26,71.0
2026-07-30 10:59:00,4079.25,4079.43,4078.1,4078.27,92.0
2026-07-30 11:00:00,4078.1,4079.73,4077.76,4079.01,205.0
2026-07-30 11:01:00,4079.02,4079.53,4078.39,4078.92,173.0
2026-07-30 11:02:00,4079.0,4079.41,4077.61,4078.3,168.0
2026-07-30 11:03:00,4078.24,4081.02,4078.02,4079.0,169.0
2026-07-30 11:04:00,4078.9,4079.79,4078.36,4078.94,167.0
2026-07-30 11:05:00,4078.89,4080.19,4078.89,4079.9,150.0
2026-07-30 11:06:00,4079.96,4081.18,4079.41,4081.13,148.0
2026-07-30 11:07:00,4081.04,4082.65,4080.77,4081.35,164.0
2026-07-30 11:08:00,4081.33,4081.83,4080.06,4080.69,159.0
2026-07-30 11:09:00,4080.49,4082.54,4080.4,4081.9,162.0
2026-07-30 11:10:00,4081.96,4082.72,4081.87,4081.88,158.0
2026-07-30 11:11:00,4081.9,4082.78,4081.9,4082.53,150.0
2026-07-30 11:12:00,4082.64,4082.74,4081.24,4081.47,140.0
2026-07-30 11:13:00,4081.4,4081.4,4078.79,4079.24,155.0
2026-07-30 11:14:00,4079.46,4080.32,4078.98,4079.83,141.0
2026-07-30 11:15:00,4079.76,4081.36,4079.13,4080.82,174.0
2026-07-30 11:16:00,4080.74,4081.74,4079.71,4081.74,147.0
2026-07-30 11:17:00,4081.76,4081.92,4081.03,4081.1,151.0
2026-07-30 11:18:00,4081.07,4081.22,4079.64,4079.64,123.0
2026-07-30 11:19:00,4079.63,4080.2,4077.98,4077.98,124.0
2026-07-30 11:20:00,4077.99,4078.55,4077.28,4077.39,126.0
2026-07-30 11:21:00,4077.43,4077.86,4076.72,4077.86,164.0
2026-07-30 11:22:00,4077.82,4079.1,4077.17,4078.93,134.0
2026-07-30 11:23:00,4079.06,4080.17,4079.06,4079.7,151.0
2026-07-30 11:24:00,4079.79,4081.56,4079.55,4081.43,131.0
2026-07-30 11:25:00,4081.42,4081.73,4079.69,4079.85,148.0
2026-07-30 11:26:00,4079.8,4080.21,4077.12,4077.22,133.0
2026-07-30 11:27:00,4077.21,4077.97,4076.91,4076.92,140.0
2026-07-30 11:28:00,4076.95,4077.45,4076.6,4077.19,133.0
2026-07-30 11:29:00,4077.03,4077.61,4076.64,4077.61,144.0
2026-07-30 11:30:00,4078.49,4078.75,4076.64,4077.03,181.0
2026-07-30 11:31:00,4077.24,4077.49,4076.58,4077.11,161.0
2026-07-30 11:32:00,4077.13,4077.79,4076.24,4076.84,182.0
2026-07-30 11:33:00,4076.81,4077.93,4076.72,4077.67,153.0
2026-07-30 11:34:00,4077.73,4078.05,4076.62,4077.41,166.0
2026-07-30 11:35:00,4077.25,4077.88,4076.97,4077.76,174.0
2026-07-30 11:36:00,4077.75,4078.73,4077.59,4078.48,162.0
2026-07-30 11:37:00,4078.46,4078.75,4077.75,4078.45,118.0
2026-07-30 11:38:00,4078.46,4079.1,4077.46,4078.99,112.0
2026-07-30 11:39:00,4079.04,4079.41,4077.58,4077.7,145.0
2026-07-30 11:40:00,4077.67,4078.26,4076.97,4077.87,103.0
2026-07-30 11:41:00,4078.11,4078.64,4077.92,4078.27,130.0
2026-07-30 11:42:00,4078.26,4078.6,4077.43,4078.24,133.0
2026-07-30 11:43:00,4078.39,4079.42,4078.12,4079.09,135.0
2026-07-30 11:44:00,4079.09,4079.09,4077.39,4077.49,147.0
2026-07-30 11:45:00,4077.48,4077.77,4076.35,4077.0,138.0
2026-07-30 11:46:00,4077.06,4077.25,4075.67,4076.69,148.0
2026-07-30 11:47:00,4076.73,4077.34,4076.61,4077.21,98.0
2026-07-30 11:48:00,4076.85,4077.44,4076.22,4077.4,114.0
2026-07-30 11:49:00,4077.38,4077.54,4076.44,4076.55,111.0
2026-07-30 11:50:00,4076.62,4077.92,4076.36,4077.37,139.0
2026-07-30 11:51:00,4077.47,4078.23,4077.04,4077.17,129.0
2026-07-30 11:52:00,4077.09,4078.45,4076.87,4078.17,156.0
2026-07-30 11:53:00,4078.28,4079.35,4077.84,4078.72,149.0
2026-07-30 11:54:00,4078.78,4080.63,4078.46,4080.3,168.0
2026-07-30 11:55:00,4080.19,4080.38,4078.85,4078.85,181.0
2026-07-30 11:56:00,4078.89,4079.91,4078.4,4078.59,133.0
2026-07-30 11:57:00,4078.57,4079.67,4077.22,4077.73,143.0
2026-07-30 11:58:00,4077.71,4077.9,4076.93,4077.12,122.0
2026-07-30 11:59:00,4077.11,4077.93,4076.7,4077.74,121.0
2026-07-30 12:00:00,4077.69,4078.55,4076.53,4076.56,178.0
2026-07-30 12:01:00,4076.54,4076.8,4074.67,4074.82,181.0
2026-07-30 12:02:00,4074.84,4076.69,4074.79,4076.02,154.0
2026-07-30 12:03:00,4076.15,4077.21,4075.95,4076.87,171.0
2026-07-30 12:04:00,4076.99,4079.55,4076.46,4078.29,187.0
2026-07-30 12:05:00,4078.28,4081.22,4078.28,4080.98,177.0
2026-07-30 12:06:00,4080.94,4081.93,4080.19,4081.91,164.0
2026-07-30 12:07:00,4082.01,4082.13,4079.95,4081.91,172.0
2026-07-30 12:08:00,4081.74,4082.52,4081.61,4082.15,135.0
2026-07-30 12:09:00,4082.27,4082.48,4081.09,4081.69,144.0
2026-07-30 12:10:00,4081.79,4081.84,4080.42,4080.92,166.0
2026-07-30 12:11:00,4080.93,4081.26,4075.87,4076.02,194.0
2026-07-30 12:12:00,4075.96,4077.09,4074.87,4075.64,190.0
2026-07-30 12:13:00,4075.63,4077.59,4075.56,4077.08,202.0
2026-07-30 12:14:00,4077.17,4080.3,4077.08,4078.77,207.0
2026-07-30 12:15:00,4078.81,4078.81,4074.96,4074.96,192.0
2026-07-30 12:16:00,4074.84,4076.0,4074.15,4075.24,181.0
2026-07-30 12:17:00,4075.4,4075.43,4073.9,4074.82,177.0
2026-07-30 12:18:00,4074.9,4074.9,4072.98,4074.33,189.0
2026-07-30 12:19:00,4074.49,4075.35,4074.04,4075.03,172.0
2026-07-30 12:20:00,4075.06,4075.42,4072.74,4073.46,200.0
2026-07-30 12:21:00,4073.36,4073.8,4072.3,4072.3,192.0
2026-07-30 12:22:00,4072.21,4073.52,4071.69,4072.25,195.0
2026-07-30 12:23:00,4072.4,4075.47,4072.28,4074.49,184.0
2026-07-30 12:24:00,4074.47,4076.43,4074.23,4076.38,191.0
2026-07-30 12:25:00,4076.69,4079.22,4076.69,4078.29,205.0
2026-07-30 12:26:00,4078.3,4081.2,4078.3,4080.99,158.0
2026-07-30 12:27:00,4080.94,4080.94,4079.52,4079.96,148.0
2026-07-30 12:28:00,4079.91,4079.98,4078.86,4079.09,157.0
2026-07-30 12:29:00,4079.07,4079.22,4076.74,4077.02,184.0
2026-07-30 12:30:00,4077.17,4086.64,4077.12,4079.68,230.0
2026-07-30 12:31:00,4079.7,4080.33,4072.0,4072.76,259.0
2026-07-30 12:32:00,4072.74,4074.82,4071.82,4074.37,215.0
2026-07-30 12:33:00,4074.62,4075.41,4071.78,4072.74,219.0
2026-07-30 12:34:00,4072.86,4074.94,4072.86,4073.57,227.0
2026-07-30 12:35:00,4073.54,4075.82,4073.06,4075.82,226.0
2026-07-30 12:36:00,4075.97,4076.33,4072.04,4073.73,225.0
2026-07-30 12:37:00,4073.53,4077.36,4073.53,4075.52,243.0
2026-07-30 12:38:00,4075.48,4076.66,4073.89,4076.4,236.0
2026-07-30 12:39:00,4076.28,4078.16,4074.23,4077.93,227.0
2026-07-30 12:40:00,4077.94,4078.0,4074.03,4074.07,224.0
2026-07-30 12:41:00,4074.02,4080.93,4074.02,4077.95,227.0
2026-07-30 12:42:00,4078.13,4081.79,4077.92,4079.08,239.0
2026-07-30 12:43:00,4079.0,4079.02,4074.77,4077.03,228.0
2026-07-30 12:44:00,4077.09,4078.08,4076.18,4077.22,227.0
2026-07-30 12:45:00,4077.26,4079.39,4076.78,4077.54,228.0
2026-07-30 12:46:00,4077.87,4079.19,4075.81,4076.46,225.0
2026-07-30 12:47:00,4076.45,4076.45,4073.21,4074.15,223.0
2026-07-30 12:48:00,4074.2,4075.47,4074.2,4074.61,212.0
2026-07-30 12:49:00,4074.6,4075.32,4073.65,4075.32,204.0
2026-07-30 12:50:00,4075.34,4076.9,4073.84,4074.23,237.0
2026-07-30 12:51:00,4074.18,4074.23,4071.33,4071.67,222.0
2026-07-30 12:52:00,4071.65,4071.87,4068.65,4069.45,250.0
2026-07-30 12:53:00,4069.37,4069.86,4067.2,4067.79,224.0
2026-07-30 12:54:00,4067.83,4071.87,4067.76,4069.99,220.0
2026-07-30 12:55:00,4069.84,4070.54,4069.32,4069.96,220.0
2026-07-30 12:56:00,4069.9,4070.64,4068.45,4070.64,218.0
2026-07-30 12:57:00,4070.57,4073.72,4070.1,4071.95,232.0
2026-07-30 12:58:00,4071.9,4073.35,4071.36,4071.53,209.0
2026-07-30 12:59:00,4071.57,4072.04,4068.93,4068.93,224.0
2026-07-30 13:00:00,4069.44,4070.25,4065.1,4070.16,279.0
2026-07-30 13:01:00,4070.36,4073.02,4070.29,4071.18,269.0
2026-07-30 13:02:00,4071.11,4073.94,4070.61,4071.33,265.0
2026-07-30 13:03:00,4071.36,4072.25,4068.94,4068.94,260.0
2026-07-30 13:04:00,4068.95,4069.56,4066.39,4068.1,249.0
2026-07-30 13:05:00,4068.14,4070.38,4068.14,4068.73,220.0
2026-07-30 13:06:00,4068.75,4070.07,4066.68,4069.75,252.0
2026-07-30 13:07:00,4069.44,4076.39,4069.44,4075.75,268.0
2026-07-30 13:08:00,4075.94,4076.52,4074.42,4076.45,230.0
2026-07-30 13:09:00,4076.47,4076.47,4073.53,4073.53,211.0
2026-07-30 13:10:00,4073.48,4073.9,4070.82,4070.82,224.0
2026-07-30 13:11:00,4070.62,4072.81,4069.87,4071.36,200.0
2026-07-30 13:12:00,4071.45,4073.32,4071.09,4072.79,212.0
2026-07-30 13:13:00,4072.9,4076.43,4072.77,4075.5,231.0
2026-07-30 13:14:00,4075.46,4076.73,4074.1,4076.73,219.0
2026-07-30 13:15:00,4076.7,4077.36,4075.19,4075.79,217.0
2026-07-30 13:16:00,4075.79,4076.65,4074.56,4075.24,233.0
2026-07-30 13:17:00,4075.28,4075.99,4074.45,4075.54,220.0
2026-07-30 13:18:00,4075.57,4076.0,4073.68,4074.64,200.0
2026-07-30 13:19:00,4074.62,4075.36,4072.96,4073.21,195.0
2026-07-30 13:20:00,4073.0,4075.86,4072.11,4075.81,211.0
2026-07-30 13:21:00,4075.65,4080.17,4075.65,4079.72,205.0
2026-07-30 13:22:00,4079.99,4083.49,4079.44,4082.53,217.0
2026-07-30 13:23:00,4082.6,4084.03,4080.49,4081.76,247.0
2026-07-30 13:24:00,4081.75,4082.63,4081.17,4082.21,223.0
2026-07-30 13:25:00,4082.25,4082.82,4081.38,4081.67,200.0
2026-07-30 13:26:00,4081.72,4081.72,4078.24,4078.75,242.0
2026-07-30 13:27:00,4078.73,4078.92,4074.79,4074.91,224.0
2026-07-30 13:28:00,4074.37,4077.23,4074.23,4076.07,242.0
2026-07-30 13:29:00,4076.14,4080.29,4075.88,4080.23,212.0
2026-07-30 13:30:00,4080.24,4081.81,4077.29,4080.4,269.0
2026-07-30 13:31:00,4080.69,4081.47,4078.09,4078.11,266.0
2026-07-30 13:32:00,4078.06,4079.65,4076.66,4077.28,258.0
2026-07-30 13:33:00,4077.26,4079.86,4077.03,4079.84,266.0
2026-07-30 13:34:00,4079.92,4081.37,4075.4,4075.91,274.0
2026-07-30 13:35:00,4075.72,4078.33,4074.98,4078.09,265.0
2026-07-30 13:36:00,4078.48,4084.88,4077.85,4084.23,283.0
2026-07-30 13:37:00,4083.87,4093.98,4083.66,4093.98,288.0
2026-07-30 13:38:00,4094.19,4098.71,4090.99,4097.75,285.0
2026-07-30 13:39:00,4098.39,4098.71,4085.82,4091.38,276.0
2026-07-30 13:40:00,4091.37,4091.69,4085.19,4090.16,290.0
2026-07-30 13:41:00,4090.33,4093.31,4088.94,4091.63,280.0
2026-07-30 13:42:00,4091.39,4095.57,4090.95,4093.5,275.0
2026-07-30 13:43:00,4093.23,4095.93,4090.46,4094.46,267.0
2026-07-30 13:44:00,4094.47,4096.42,4088.4,4088.94,280.0
2026-07-30 13:45:00,4089.02,4091.24,4087.64,4088.02,276.0
2026-07-30 13:46:00,4088.04,4090.99,4085.63,4090.52,284.0
2026-07-30 13:47:00,4090.33,4097.46,4090.11,4097.33,280.0
2026-07-30 13:48:00,4097.63,4101.48,4097.01,4099.6,265.0
2026-07-30 13:49:00,4099.59,4099.97,4092.15,4094.95,278.0
2026-07-30 13:50:00,4094.96,4097.54,4093.49,4095.45,264.0
2026-07-30 13:51:00,4095.5,4100.93,4094.01,4100.3,253.0
2026-07-30 13:52:00,4100.31,4100.35,4096.08,4099.17,267.0
2026-07-30 13:53:00,4099.27,4103.0,4098.95,4100.39,276.0
2026-07-30 13:54:00,4100.4,4103.05,4099.59,4102.6,276.0
2026-07-30 13:55:00,4102.45,4104.48,4101.74,4103.13,265.0
2026-07-30 13:56:00,4103.29,4104.05,4102.24,4103.67,271.0
2026-07-30 13:57:00,4103.66,4103.66,4101.12,4102.68,266.0
2026-07-30 13:58:00,4102.91,4108.46,4102.91,4108.05,258.0
2026-07-30 13:59:00,4108.08,4112.83,4107.54,4112.39,269.0
2026-07-30 14:00:00,4112.42,4119.57,4109.76,4118.06,292.0
2026-07-30 14:01:00,4117.88,4120.34,4110.07,4111.59,286.0
2026-07-30 14:02:00,4111.65,4114.71,4108.13,4112.57,287.0
2026-07-30 14:03:00,4112.74,4112.74,4108.59,4109.47,283.0
2026-07-30 14:04:00,4109.53,4110.14,4106.47,4107.53,276.0
2026-07-30 14:05:00,4108.01,4109.54,4105.32,4106.14,269.0
2026-07-30 14:06:00,4106.26,4106.28,4102.98,4103.42,281.0
2026-07-30 14:07:00,4103.53,4104.64,4095.84,4096.33,284.0
2026-07-30 14:08:00,4096.14,4096.41,4094.01,4095.56,285.0
2026-07-30 14:09:00,4095.57,4100.47,4095.48,4099.14,284.0
2026-07-30 14:10:00,4099.02,4101.82,4099.02,4099.97,277.0
2026-07-30 14:11:00,4100.01,4102.47,4097.71,4102.13,269.0
2026-07-30 14:12:00,4102.11,4102.11,4096.54,4098.44,257.0
2026-07-30 14:13:00,4098.46,4098.65,4096.33,4097.26,267.0
2026-07-30 14:14:00,4097.3,4099.24,4096.79,4098.23,271.0
2026-07-30 14:15:00,4098.18,4100.09,4096.37,4097.95,268.0
2026-07-30 14:16:00,4097.87,4100.17,4097.76,4098.76,270.0
2026-07-30 14:17:00,4098.55,4099.92,4096.58,4098.12,276.0
2026-07-30 14:18:00,4098.02,4098.29,4092.06,4093.97,277.0
2026-07-30 14:19:00,4093.79,4094.72,4090.37,4090.84,268.0
2026-07-30 14:20:00,4090.86,4091.88,4087.8,4090.14,268.0
2026-07-30 14:21:00,4090.08,4092.66,4087.15,4092.64,257.0
2026-07-30 14:22:00,4092.68,4096.12,4092.52,4095.53,269.0
2026-07-30 14:23:00,4095.55,4098.53,4095.33,4097.31,253.0
2026-07-30 14:24:00,4097.56,4098.57,4088.29,4089.59,276.0
2026-07-30 14:25:00,4089.62,4092.28,4089.46,4091.38,245.0
2026-07-30 14:26:00,4091.39,4091.98,4087.03,4089.04,253.0
2026-07-30 14:27:00,4089.09,4093.7,4089.03,4093.15,252.0
2026-07-30 14:28:00,4093.08,4095.61,4092.98,4095.13,249.0
2026-07-30 14:29:00,4095.01,4096.25,4094.03,4096.22,232.0
2026-07-30 14:30:00,4096.21,4097.86,4094.8,4097.12,249.0
2026-07-30 14:31:00,4097.02,4098.34,4096.31,4097.35,256.0
2026-07-30 14:32:00,4097.18,4099.05,4096.18,4098.79,250.0
2026-07-30 14:33:00,4098.64,4102.76,4098.16,4099.87,257.0
2026-07-30 14:34:00,4099.89,4100.94,4099.24,4100.27,249.0
2026-07-30 14:35:00,4100.26,4101.84,4100.11,4101.14,222.0
2026-07-30 14:36:00,4100.92,4105.31,4100.45,4105.07,240.0
2026-07-30 14:37:00,4105.11,4105.23,4103.3,4104.53,220.0
2026-07-30 14:38:00,4104.25,4105.91,4102.53,4104.08,227.0
2026-07-30 14:39:00,4104.13,4106.08,4103.55,4106.04,209.0
2026-07-30 14:40:00,4105.97,4108.51,4105.56,4106.23,234.0
2026-07-30 14:41:00,4106.28,4107.53,4104.12,4106.18,243.0
2026-07-30 14:42:00,4106.27,4108.99,4105.82,4106.35,211.0
2026-07-30 14:43:00,4106.37,4109.41,4106.37,4107.98,224.0
2026-07-30 14:44:00,4107.99,4111.26,4107.76,4110.6,239.0
2026-07-30 14:45:00,4110.77,4112.98,4106.68,4106.9,252.0
2026-07-30 14:46:00,4106.93,4107.09,4104.11,4104.27,245.0
2026-07-30 14:47:00,4104.26,4104.55,4102.2,4102.79,236.0
2026-07-30 14:48:00,4102.82,4103.75,4101.91,4102.68,242.0
2026-07-30 14:49:00,4102.76,4105.57,4101.92,4104.6,242.0
2026-07-30 14:50:00,4104.4,4104.66,4098.92,4099.61,254.0
2026-07-30 14:51:00,4099.59,4102.04,4098.95,4102.04,231.0
2026-07-30 14:52:00,4101.98,4102.4,4099.52,4099.57,228.0
2026-07-30 14:53:00,4099.71,4100.15,4098.62,4100.06,233.0
2026-07-30 14:54:00,4100.01,4100.27,4099.23,4099.73,215.0
2026-07-30 14:55:00,4099.66,4100.27,4097.12,4100.25,239.0
2026-07-30 14:56:00,4100.3,4100.85,4097.53,4098.89,246.0
2026-07-30 14:57:00,4098.9,4098.96,4096.61,4098.94,249.0
2026-07-30 14:58:00,4099.1,4100.25,4097.67,4098.68,254.0
2026-07-30 14:59:00,4099.08,4100.94,4098.65,4100.05,251.0
2026-07-30 15:00:00,4100.17,4100.24,4097.54,4099.13,266.0
2026-07-30 15:01:00,4099.02,4099.8,4097.55,4097.55,247.0
2026-07-30 15:02:00,4097.42,4099.05,4096.36,4098.85,253.0
2026-07-30 15:03:00,4098.87,4100.13,4097.88,4098.63,262.0
2026-07-30 15:04:00,4098.74,4098.77,4096.46,4097.37,245.0
2026-07-30 15:05:00,4097.28,4098.35,4096.95,4097.26,237.0
2026-07-30 15:06:00,4097.5,4098.4,4094.51,4094.51,242.0
2026-07-30 15:07:00,4094.31,4095.22,4092.43,4092.56,246.0
2026-07-30 15:08:00,4092.22,4094.87,4089.87,4091.79,259.0
2026-07-30 15:09:00,4091.82,4091.86,4090.63,4090.76,263.0
2026-07-30 15:10:00,4090.74,4090.74,4087.6,4089.35,256.0
2026-07-30 15:11:00,4089.31,4090.36,4087.6,4087.95,233.0
2026-07-30 15:12:00,4087.85,4087.96,4084.86,4085.47,252.0
2026-07-30 15:13:00,4085.58,4085.58,4083.15,4084.84,245.0
2026-07-30 15:14:00,4084.93,4086.72,4084.47,4085.57,233.0
2026-07-30 15:15:00,4085.28,4091.2,4084.91,4090.91,243.0
2026-07-30 15:16:00,4090.99,4094.42,4090.61,4094.18,239.0
2026-07-30 15:17:00,4094.2,4094.92,4092.09,4093.43,248.0
2026-07-30 15:18:00,4093.4,4095.54,4093.12,4094.74,248.0
2026-07-30 15:19:00,4094.71,4096.82,4094.5,4095.85,246.0
2026-07-30 15:20:00,4095.9,4097.2,4095.56,4095.78,275.0
2026-07-30 15:21:00,4095.87,4097.08,4095.24,4095.6,261.0
2026-07-30 15:22:00,4095.68,4096.45,4094.59,4095.47,239.0
2026-07-30 15:23:00,4095.33,4095.52,4092.22,4094.01,241.0
2026-07-30 15:24:00,4094.11,4094.72,4093.39,4094.15,226.0
2026-07-30 15:25:00,4094.04,4094.96,4092.59,4092.65,214.0
2026-07-30 15:26:00,4092.7,4095.35,4092.17,4095.35,234.0
2026-07-30 15:27:00,4095.36,4095.92,4094.61,4095.03,220.0
2026-07-30 15:28:00,4095.01,4095.01,4093.79,4094.35,215.0
2026-07-30 15:29:00,4094.4,4096.76,4094.4,4096.06,194.0
2026-07-30 15:30:00,4096.0,4096.57,4092.63,4093.29,238.0
2026-07-30 15:31:00,4093.28,4095.36,4093.2,4094.17,222.0
2026-07-30 15:32:00,4093.93,4097.21,4093.8,4096.86,256.0
2026-07-30 15:33:00,4096.95,4098.53,4096.66,4098.53,223.0
2026-07-30 15:34:00,4098.5,4100.1,4098.39,4099.47,228.0
2026-07-30 15:35:00,4099.66,4100.17,4097.9,4097.9,206.0
2026-07-30 15:36:00,4098.09,4100.84,4098.09,4100.67,208.0
2026-07-30 15:37:00,4100.62,4100.77,4098.24,4098.26,204.0
2026-07-30 15:38:00,4098.61,4099.49,4098.26,4098.98,194.0
2026-07-30 15:39:00,4098.99,4099.66,4098.5,4099.07,173.0
2026-07-30 15:40:00,4099.33,4101.29,4098.88,4101.21,230.0
2026-07-30 15:41:00,4101.11,4101.86,4100.45,4101.32,198.0
2026-07-30 15:42:00,4101.34,4102.73,4100.54,4102.73,194.0
2026-07-30 15:43:00,4102.76,4105.37,4102.35,4104.75,228.0
2026-07-30 15:44:00,4104.73,4106.84,4104.58,4105.38,222.0
2026-07-30 15:45:00,4105.56,4106.48,4103.68,4103.69,212.0
2026-07-30 15:46:00,4103.6,4105.89,4103.6,4105.36,204.0
2026-07-30 15:47:00,4105.35,4106.32,4105.01,4105.52,181.0
2026-07-30 15:48:00,4105.55,4106.69,4105.34,4106.16,199.0
2026-07-30 15:49:00,4106.13,4106.86,4105.43,4106.72,198.0
2026-07-30 15:50:00,4106.15,4106.15,4104.69,4105.58,199.0
2026-07-30 15:51:00,4105.59,4108.06,4105.14,4107.68,207.0
2026-07-30 15:52:00,4107.69,4107.7,4105.54,4105.76,191.0
2026-07-30 15:53:00,4106.02,4106.86,4105.29,4105.65,190.0
2026-07-30 15:54:00,4105.79,4107.25,4105.22,4107.19,185.0
2026-07-30 15:55:00,4107.32,4110.05,4107.25,4107.96,195.0
2026-07-30 15:56:00,4108.04,4110.07,4107.99,4108.43,172.0
2026-07-30 15:57:00,4108.5,4108.68,4107.99,4108.3,165.0
2026-07-30 15:58:00,4108.11,4108.96,4107.72,4108.29,213.0
2026-07-30 15:59:00,4108.2,4108.3,4106.96,4108.12,236.0
2026-07-30 16:00:00,4108.07,4111.2,4107.73,4111.06,196.0
2026-07-30 16:01:00,4111.04,4112.9,4110.52,4111.06,195.0
2026-07-30 16:02:00,4111.09,4112.68,4110.82,4111.99,211.0
2026-07-30 16:03:00,4112.0,4113.18,4111.79,4113.16,183.0
2026-07-30 16:04:00,4113.17,4115.79,4113.16,4114.79,205.0
2026-07-30 16:05:00,4114.8,4115.11,4112.17,4112.57,192.0
2026-07-30 16:06:00,4112.67,4112.78,4111.24,4111.34,164.0
2026-07-30 16:07:00,4111.47,4113.14,4111.15,4113.12,191.0
2026-07-30 16:08:00,4113.26,4113.67,4111.3,4112.83,174.0
2026-07-30 16:09:00,4112.86,4113.01,4111.15,4111.34,159.0
2026-07-30 16:10:00,4111.18,4111.44,4109.17,4109.74,180.0
2026-07-30 16:11:00,4109.75,4112.14,4109.62,4111.25,193.0
2026-07-30 16:12:00,4111.26,4115.01,4110.73,4115.01,149.0
2026-07-30 16:13:00,4115.02,4115.82,4113.83,4114.34,183.0
2026-07-30 16:14:00,4114.66,4114.81,4113.47,4114.17,140.0
2026-07-30 16:15:00,4114.11,4115.09,4113.97,4114.92,144.0
2026-07-30 16:16:00,4114.93,4115.53,4113.87,4113.87,153.0
2026-07-30 16:17:00,4113.88,4115.75,4113.88,4115.75,149.0
2026-07-30 16:18:00,4115.74,4116.02,4114.25,4114.69,146.0
2026-07-30 16:19:00,4114.82,4115.79,4113.94,4113.97,150.0
2026-07-30 16:20:00,4113.94,4115.32,4113.63,4114.42,163.0
2026-07-30 16:21:00,4114.4,4115.82,4113.89,4115.74,124.0
2026-07-30 16:22:00,4115.7,4116.1,4114.9,4114.91,172.0
2026-07-30 16:23:00,4114.75,4116.05,4113.82,4116.05,187.0
2026-07-30 16:24:00,4116.04,4119.16,4115.94,4118.87,204.0
2026-07-30 16:25:00,4118.83,4118.93,4116.89,4116.95,196.0
2026-07-30 16:26:00,4117.03,4118.42,4116.82,4117.55,193.0
2026-07-30 16:27:00,4117.7,4117.7,4115.8,4116.6,169.0
2026-07-30 16:28:00,4116.61,4116.89,4115.61,4115.93,160.0
2026-07-30 16:29:00,4115.96,4116.78,4115.75,4115.98,164.0
2026-07-30 16:30:00,4116.06,4116.35,4114.17,4115.22,221.0
2026-07-30 16:31:00,4115.29,4115.99,4114.88,4115.74,190.0
2026-07-30 16:32:00,4115.71,4116.29,4114.81,4115.57,182.0
2026-07-30 16:33:00,4115.52,4116.0,4114.56,4114.56,159.0
2026-07-30 16:34:00,4114.59,4114.74,4112.87,4113.21,181.0
2026-07-30 16:35:00,4113.22,4114.93,4113.15,4113.99,188.0
2026-07-30 16:36:00,4113.95,4114.51,4112.1,4112.57,172.0
2026-07-30 16:37:00,4112.55,4112.68,4111.32,4111.62,167.0
2026-07-30 16:38:00,4111.75,4112.33,4111.09,4111.09,188.0
2026-07-30 16:39:00,4111.11,4111.2,4110.24,4110.81,166.0
2026-07-30 16:40:00,4110.99,4111.15,4109.91,4110.18,178.0
2026-07-30 16:41:00,4110.09,4111.86,4109.54,4111.63,193.0
2026-07-30 16:42:00,4111.64,4111.98,4110.31,4110.35,168.0
2026-07-30 16:43:00,4110.3,4110.38,4108.74,4108.93,167.0
2026-07-30 16:44:00,4108.97,4108.99,4108.28,4108.52,143.0
2026-07-30 16:45:00,4108.57,4108.9,4107.79,4108.33,186.0
2026-07-30 16:46:00,4108.22,4108.86,4107.3,4107.62,160.0
2026-07-30 16:47:00,4107.63,4108.28,4107.21,4107.65,133.0
2026-07-30 16:48:00,4107.7,4109.23,4107.7,4108.86,142.0
2026-07-30 16:49:00,4108.89,4109.68,4108.47,4109.5,147.0
2026-07-30 16:50:00,4109.49,4109.83,4108.88,4109.63,143.0
2026-07-30 16:51:00,4109.72,4109.96,4108.4,4108.51,158.0
2026-07-30 16:52:00,4108.5,4109.03,4108.23,4108.92,166.0
2026-07-30 16:53:00,4108.77,4109.23,4107.36,4107.48,161.0
2026-07-30 16:54:00,4107.41,4107.94,4106.55,4107.93,154.0
2026-07-30 16:55:00,4107.94,4109.66,4107.55,4109.45,170.0
2026-07-30 16:56:00,4109.52,4110.49,4109.44,4110.42,158.0
2026-07-30 16:57:00,4110.45,4110.63,4109.37,4109.54,138.0
2026-07-30 16:58:00,4109.55,4109.56,4109.02,4109.42,120.0
2026-07-30 16:59:00,4109.37,4110.7,4109.3,4110.7,131.0
2026-07-30 17:00:00,4110.58,4111.19,4109.02,4109.02,211.0
2026-07-30 17:01:00,4109.11,4110.2,4109.11,4109.58,162.0
2026-07-30 17:02:00,4109.56,4109.88,4107.6,4108.08,161.0
2026-07-30 17:03:00,4108.17,4108.47,4107.73,4108.1,187.0
2026-07-30 17:04:00,4108.15,4108.15,4106.8,4107.64,182.0
2026-07-30 17:05:00,4107.74,4108.44,4107.28,4108.27,148.0
2026-07-30 17:06:00,4108.33,4108.61,4107.66,4107.96,152.0
2026-07-30 17:07:00,4107.97,4108.37,4107.68,4108.28,133.0
2026-07-30 17:08:00,4108.07,4108.7,4107.62,4107.92,132.0
2026-07-30 17:09:00,4107.84,4108.14,4106.59,4107.53,136.0
2026-07-30 17:10:00,4107.47,4108.62,4107.4,4107.77,139.0
2026-07-30 17:11:00,4107.78,4108.19,4107.17,4108.1,164.0
2026-07-30 17:12:00,4108.14,4108.14,4106.33,4107.14,185.0
2026-07-30 17:13:00,4107.15,4107.51,4106.77,4107.06,153.0
2026-07-30 17:14:00,4107.13,4107.13,4104.82,4104.84,153.0
2026-07-30 17:15:00,4104.85,4105.7,4103.91,4104.15,165.0
2026-07-30 17:16:00,4104.12,4105.73,4103.92,4105.67,205.0
2026-07-30 17:17:00,4105.62,4106.51,4105.62,4106.24,146.0
2026-07-30 17:18:00,4106.16,4106.36,4105.33,4105.89,166.0
2026-07-30 17:19:00,4105.8,4106.87,4105.54,4106.38,195.0
2026-07-30 17:20:00,4106.36,4106.71,4105.74,4106.0,124.0
2026-07-30 17:21:00,4105.98,4106.0,4104.62,4105.7,153.0
2026-07-30 17:22:00,4105.69,4106.95,4105.56,4106.95,153.0
2026-07-30 17:23:00,4107.04,4107.86,4106.6,4107.1,185.0
2026-07-30 17:24:00,4106.94,4108.16,4106.94,4107.94,197.0
2026-07-30 17:25:00,4107.86,4107.98,4106.12,4106.12,180.0
2026-07-30 17:26:00,4106.08,4106.5,4104.61,4104.86,177.0
2026-07-30 17:27:00,4104.89,4105.93,4104.76,4105.24,151.0
2026-07-30 17:28:00,4105.18,4105.44,4104.21,4105.28,139.0
2026-07-30 17:29:00,4104.36,4104.36,4098.48,4101.59,268.0
2026-07-30 17:30:00,4100.33,4102.39,4100.33,4101.23,211.0
2026-07-30 17:31:00,4101.24,4101.42,4100.5,4100.58,151.0
2026-07-30 17:32:00,4100.57,4101.77,4100.57,4101.41,153.0
2026-07-30 17:33:00,4101.49,4101.89,4100.6,4101.66,177.0
2026-07-30 17:34:00,4101.77,4101.93,4100.23,4100.77,160.0
2026-07-30 17:35:00,4100.78,4101.26,4099.95,4100.55,178.0
2026-07-30 17:36:00,4100.53,4106.46,4100.2,4106.46,251.0
2026-07-30 17:37:00,4106.4,4108.1,4104.5,4104.9,251.0
2026-07-30 17:38:00,4104.69,4104.86,4100.62,4103.81,233.0
2026-07-30 17:39:00,4103.82,4105.49,4102.72,4102.8,224.0
2026-07-30 17:40:00,4102.78,4105.18,4102.54,4105.02,220.0
2026-07-30 17:41:00,4105.04,4106.65,4104.76,4106.07,220.0
2026-07-30 17:42:00,4105.98,4106.47,4103.22,4103.22,228.0
2026-07-30 17:43:00,4103.23,4105.11,4103.1,4104.98,210.0
2026-07-30 17:44:00,4105.07,4106.17,4104.88,4105.95,194.0
2026-07-30 17:45:00,4105.89,4108.43,4105.24,4107.89,196.0
2026-07-30 17:46:00,4107.96,4108.2,4107.6,4107.62,165.0
2026-07-30 17:47:00,4107.56,4107.64,4105.98,4106.3,126.0
2026-07-30 17:48:00,4106.36,4107.35,4105.91,4107.29,123.0
2026-07-30 17:49:00,4107.35,4107.35,4103.99,4104.09,161.0
2026-07-30 17:50:00,4104.1,4104.52,4103.14,4103.62,173.0
2026-07-30 17:51:00,4103.58,4104.45,4103.36,4104.34,128.0
2026-07-30 17:52:00,4104.31,4104.31,4102.79,4104.07,115.0
2026-07-30 17:53:00,4104.09,4104.18,4102.74,4102.74,126.0
2026-07-30 17:54:00,4103.07,4103.9,4102.99,4103.19,118.0
2026-07-30 17:55:00,4103.18,4103.31,4101.2,4102.21,173.0
2026-07-30 17:56:00,4102.22,4103.34,4102.15,4103.19,148.0
2026-07-30 17:57:00,4103.18,4103.65,4103.06,4103.43,143.0
2026-07-30 17:58:00,4103.4,4103.4,4102.31,4102.72,167.0
2026-07-30 17:59:00,4102.77,4102.96,4102.34,4102.63,132.0
2026-07-30 18:00:00,4102.73,4104.5,4102.72,4103.74,184.0
2026-07-30 18:01:00,4103.82,4105.19,4103.8,4104.78,175.0
2026-07-30 18:02:00,4104.75,4105.67,4104.56,4104.91,160.0
2026-07-30 18:03:00,4104.92,4105.36,4104.42,4105.27,155.0
2026-07-30 18:04:00,4105.34,4105.83,4105.18,4105.52,140.0
2026-07-30 18:05:00,4105.49,4106.49,4105.42,4106.04,175.0
2026-07-30 18:06:00,4106.07,4106.28,4105.25,4106.18,157.0
2026-07-30 18:07:00,4106.0,4106.15,4104.85,4104.88,165.0
2026-07-30 18:08:00,4104.79,4105.17,4104.52,4105.05,148.0
2026-07-30 18:09:00,4105.07,4106.74,4104.89,4106.27,177.0
2026-07-30 18:10:00,4106.23,4106.23,4105.03,4105.39,159.0
2026-07-30 18:11:00,4105.37,4106.62,4105.02,4106.46,140.0
2026-07-30 18:12:00,4106.5,4106.73,4105.82,4106.54,120.0
2026-07-30 18:13:00,4106.57,4106.76,4106.2,4106.33,141.0
2026-07-30 18:14:00,4106.55,4106.74,4105.79,4106.44,165.0
2026-07-30 18:15:00,4106.46,4106.72,4104.86,4104.96,155.0
2026-07-30 18:16:00,4104.97,4105.07,4103.91,4104.14,153.0
2026-07-30 18:17:00,4104.11,4104.78,4103.83,4104.31,159.0
2026-07-30 18:18:00,4104.24,4104.92,4104.19,4104.5,150.0
2026-07-30 18:19:00,4104.33,4104.39,4103.86,4104.08,132.0
2026-07-30 18:20:00,4104.09,4105.23,4103.86,4104.89,139.0
2026-07-30 18:21:00,4104.85,4105.43,4104.5,4105.13,165.0
2026-07-30 18:22:00,4105.26,4105.27,4101.74,4102.7,159.0
2026-07-30 18:23:00,4103.23,4103.49,4102.43,4103.14,119.0
2026-07-30 18:24:00,4103.1,4103.1,4102.03,4102.14,131.0
2026-07-30 18:25:00,4102.18,4102.45,4101.49,4101.57,100.0
2026-07-30 18:26:00,4101.48,4101.66,4100.77,4101.54,121.0
2026-07-30 18:27:00,4101.56,4102.17,4101.35,4101.95,121.0
2026-07-30 18:28:00,4101.82,4102.82,4101.59,4102.76,154.0
2026-07-30 18:29:00,4102.72,4103.64,4102.7,4103.45,165.0
2026-07-30 18:30:00,4103.46,4104.7,4102.96,4104.7,150.0
2026-07-30 18:31:00,4104.54,4105.49,4104.28,4105.49,149.0
2026-07-30 18:32:00,4105.47,4105.64,4104.78,4105.46,133.0
2026-07-30 18:33:00,4105.54,4106.42,4105.42,4105.78,120.0
2026-07-30 18:34:00,4105.74,4107.76,4105.43,4106.56,153.0
2026-07-30 18:35:00,4106.51,4106.53,4104.93,4105.19,126.0
2026-07-30 18:36:00,4105.15,4106.21,4104.92,4106.16,120.0
2026-07-30 18:37:00,4106.17,4106.33,4105.24,4105.64,142.0
2026-07-30 18:38:00,4105.72,4106.42,4105.52,4105.6,102.0
2026-07-30 18:39:00,4105.68,4105.73,4104.53,4104.66,96.0
2026-07-30 18:40:00,4104.6,4105.67,4104.49,4105.66,98.0
2026-07-30 18:41:00,4105.75,4105.85,4104.28,4104.38,101.0
2026-07-30 18:42:00,4104.48,4104.52,4103.97,4104.21,86.0
2026-07-30 18:43:00,4104.21,4104.72,4103.97,4104.68,76.0
2026-07-30 18:44:00,4104.63,4105.02,4104.36,4104.87,68.0
2026-07-30 18:45:00,4104.84,4105.24,4104.67,4104.67,88.0
2026-07-30 18:46:00,4104.51,4104.77,4103.63,4103.63,70.0
2026-07-30 18:47:00,4103.59,4104.09,4103.22,4103.33,102.0
2026-07-30 18:48:00,4103.22,4103.29,4100.99,4101.03,134.0
2026-07-30 18:49:00,4101.06,4101.13,4100.45,4100.85,103.0
2026-07-30 18:50:00,4100.88,4101.22,4100.41,4101.16,107.0
2026-07-30 18:51:00,4101.23,4101.34,4100.01,4100.02,162.0
2026-07-30 18:52:00,4099.99,4101.0,4099.76,4100.76,112.0
2026-07-30 18:53:00,4100.57,4100.82,4099.71,4099.86,135.0
2026-07-30 18:54:00,4099.94,4100.03,4098.82,4098.97,126.0
2026-07-30 18:55:00,4099.06,4100.06,4099.03,4099.72,133.0
2026-07-30 18:56:00,4099.73,4100.17,4099.3,4099.52,125.0
2026-07-30 18:57:00,4099.57,4100.17,4099.5,4099.81,129.0
2026-07-30 18:58:00,4099.79,4099.82,4098.86,4098.95,96.0
2026-07-30 18:59:00,4099.13,4100.04,4099.07,4099.79,152.0
2026-07-30 19:00:00,4099.56,4100.34,4098.83,4099.02,178.0
2026-07-30 19:01:00,4099.08,4100.86,4099.08,4100.61,147.0
2026-07-30 19:02:00,4100.62,4102.59,4100.54,4102.22,145.0
2026-07-30 19:03:00,4102.19,4103.12,4102.02,4102.25,116.0
2026-07-30 19:04:00,4102.31,4103.55,4101.76,4103.51,186.0
2026-07-30 19:05:00,4103.52,4104.39,4103.28,4103.45,116.0
2026-07-30 19:06:00,4103.5,4104.89,4102.74,4104.89,139.0
2026-07-30 19:07:00,4104.92,4105.33,4103.76,4103.84,141.0
2026-07-30 19:08:00,4103.89,4104.24,4103.14,4103.75,120.0
2026-07-30 19:09:00,4103.91,4105.37,4103.84,4105.37,126.0
2026-07-30 19:10:00,4105.34,4105.67,4104.84,4104.99,125.0
2026-07-30 19:11:00,4104.92,4105.06,4103.12,4103.24,140.0
2026-07-30 19:12:00,4103.08,4104.63,4103.03,4104.6,157.0
2026-07-30 19:13:00,4104.58,4105.48,4104.42,4105.26,120.0
2026-07-30 19:14:00,4105.22,4105.59,4104.27,4104.67,126.0
2026-07-30 19:15:00,4104.69,4104.8,4103.03,4103.85,171.0
2026-07-30 19:16:00,4103.86,4108.63,4103.74,4108.53,181.0
2026-07-30 19:17:00,4108.5,4112.37,4108.48,4112.17,155.0
2026-07-30 19:18:00,4112.21,4113.01,4111.02,4112.11,183.0
2026-07-30 19:19:00,4112.12,4112.17,4110.58,4110.7,147.0
2026-07-30 19:20:00,4110.61,4110.87,4109.49,4110.74,125.0
2026-07-30 19:21:00,4110.73,4111.31,4110.43,4111.18,107.0
2026-07-30 19:22:00,4111.2,4111.62,4110.5,4111.16,139.0
2026-07-30 19:23:00,4111.01,4111.38,4110.55,4110.93,128.0
2026-07-30 19:24:00,4110.92,4111.58,4109.99,4111.27,130.0
2026-07-30 19:25:00,4110.99,4113.98,4110.74,4112.97,145.0
2026-07-30 19:26:00,4112.98,4114.91,4112.92,4113.95,136.0
2026-07-30 19:27:00,4113.99,4114.57,4113.3,4113.67,150.0
2026-07-30 19:28:00,4113.92,4114.39,4113.06,4113.08,138.0
2026-07-30 19:29:00,4112.92,4113.08,4112.42,4112.83,131.0
2026-07-30 19:30:00,4112.81,4113.53,4112.5,4112.77,176.0
2026-07-30 19:31:00,4112.78,4113.82,4112.48,4113.5,136.0
2026-07-30 19:32:00,4113.52,4113.88,4112.36,4112.44,170.0
2026-07-30 19:33:00,4112.51,4113.89,4112.51,4113.86,135.0
2026-07-30 19:34:00,4113.86,4114.47,4113.59,4114.47,134.0
2026-07-30 19:35:00,4114.49,4115.29,4113.71,4113.71,141.0
2026-07-30 19:36:00,4113.56,4113.59,4112.17,4112.73,150.0
2026-07-30 19:37:00,4112.74,4113.66,4112.22,4112.47,110.0
2026-07-30 19:38:00,4112.41,4113.41,4112.23,4113.18,140.0
2026-07-30 19:39:00,4113.2,4113.26,4112.28,4112.78,91.0
2026-07-30 19:40:00,4112.99,4114.13,4112.84,4113.58,133.0
2026-07-30 19:41:00,4113.59,4113.76,4112.05,4112.05,124.0
2026-07-30 19:42:00,4112.11,4112.24,4111.49,4112.22,104.0
2026-07-30 19:43:00,4112.23,4113.65,4112.12,4113.29,123.0
2026-07-30 19:44:00,4113.26,4113.41,4112.15,4112.24,89.0
2026-07-30 19:45:00,4112.26,4112.79,4111.92,4112.24,158.0
2026-07-30 19:46:00,4112.24,4112.34,4111.62,4111.65,107.0
2026-07-30 19:47:00,4111.63,4112.3,4111.2,4112.27,136.0
2026-07-30 19:48:00,4112.26,4112.76,4112.13,4112.72,80.0
2026-07-30 19:49:00,4112.67,4113.07,4112.3,4112.38,121.0
2026-07-30 19:50:00,4112.37,4112.9,4111.85,4112.61,151.0
2026-07-30 19:51:00,4112.55,4112.8,4111.49,4111.73,135.0
2026-07-30 19:52:00,4111.75,4111.91,4110.57,4110.69,116.0
2026-07-30 19:53:00,4110.78,4111.12,4109.77,4109.98,139.0
2026-07-30 19:54:00,4109.86,4110.3,4109.52,4109.57,142.0
2026-07-30 19:55:00,4109.35,4110.47,4109.19,4110.33,182.0
2026-07-30 19:56:00,4110.36,4111.08,4109.9,4109.9,145.0
2026-07-30 19:57:00,4109.89,4110.35,4109.46,4110.05,162.0
2026-07-30 19:58:00,4110.03,4112.33,4109.35,4112.05,170.0
2026-07-30 19:59:00,4112.14,4112.7,4111.46,4111.94,165.0
2026-07-30 20:00:00,4112.05,4112.21,4110.05,4110.37,181.0
2026-07-30 20:01:00,4110.42,4115.49,4110.39,4115.25,247.0
2026-07-30 20:02:00,4115.19,4115.44,4113.94,4115.08,198.0
2026-07-30 20:03:00,4115.09,4116.65,4114.87,4116.44,148.0
2026-07-30 20:04:00,4116.46,4117.4,4115.16,4117.4,187.0
2026-07-30 20:05:00,4117.3,4117.3,4114.94,4114.98,174.0
2026-07-30 20:06:00,4114.87,4115.26,4113.81,4115.19,141.0
2026-07-30 20:07:00,4115.2,4115.34,4114.4,4114.59,94.0
2026-07-30 20:08:00,4114.53,4115.15,4114.4,4114.53,107.0
2026-07-30 20:09:00,4114.52,4115.46,4114.4,4114.45,123.0
2026-07-30 20:10:00,4114.43,4115.51,4114.41,4115.02,154.0
2026-07-30 20:11:00,4115.03,4115.1,4114.18,4114.21,107.0
2026-07-30 20:12:00,4114.19,4114.61,4113.4,4114.27,118.0
2026-07-30 20:13:00,4114.25,4114.36,4113.67,4113.72,75.0
2026-07-30 20:14:00,4113.84,4114.26,4113.2,4114.03,91.0
2026-07-30 20:15:00,4114.12,4114.85,4113.59,4114.36,112.0
2026-07-30 20:16:00,4114.34,4114.95,4114.22,4114.54,86.0
2026-07-30 20:17:00,4114.58,4114.6,4113.7,4113.98,130.0
2026-07-30 20:18:00,4114.02,4114.54,4112.4,4114.4,127.0
2026-07-30 20:19:00,4114.4,4114.4,4113.28,4113.59,107.0
2026-07-30 20:20:00,4113.74,4114.17,4113.57,4113.67,68.0
2026-07-30 20:21:00,4113.63,4113.7,4112.68,4112.92,112.0
2026-07-30 20:22:00,4112.97,4113.53,4112.77,4113.5,87.0
2026-07-30 20:23:00,4113.51,4113.77,4112.67,4112.98,104.0
2026-07-30 20:24:00,4113.01,4113.87,4112.92,4113.42,98.0
2026-07-30 20:25:00,4113.43,4113.91,4113.34,4113.84,78.0
2026-07-30 20:26:00,4113.85,4114.18,4113.74,4114.02,113.0
2026-07-30 20:27:00,4114.03,4114.06,4113.6,4113.86,82.0
2026-07-30 20:28:00,4113.82,4113.86,4112.22,4112.98,99.0
2026-07-30 20:29:00,4112.96,4113.3,4111.77,4112.01,96.0
2026-07-30 20:30:00,4112.51,4112.57,4109.66,4110.08,219.0
2026-07-30 20:31:00,4110.12,4110.47,4108.36,4108.36,153.0
2026-07-30 20:32:00,4108.35,4109.2,4107.76,4109.2,173.0
2026-07-30 20:33:00,4109.26,4109.49,4108.57,4108.87,136.0
2026-07-30 20:34:00,4108.89,4109.22,4108.57,4109.18,96.0
2026-07-30 20:35:00,4109.0,4109.02,4106.96,4107.13,104.0
2026-07-30 20:36:00,4107.28,4107.83,4106.46,4107.6,131.0
2026-07-30 20:37:00,4107.59,4107.59,4106.93,4107.18,98.0
2026-07-30 20:38:00,4107.17,4107.41,4106.82,4107.09,105.0
2026-07-30 20:39:00,4107.14,4107.16,4106.33,4106.87,112.0
2026-07-30 20:40:00,4106.84,4107.08,4106.18,4106.73,107.0
2026-07-30 20:41:00,4106.74,4106.77,4106.11,4106.45,92.0
2026-07-30 20:42:00,4106.56,4107.36,4106.12,4106.41,100.0
2026-07-30 20:43:00,4106.34,4106.73,4102.39,4103.01,146.0
2026-07-30 20:44:00,4103.03,4104.43,4102.42,4102.78,98.0
2026-07-30 20:45:00,4102.79,4103.55,4102.42,4103.53,140.0
2026-07-30 20:46:00,4103.49,4103.54,4103.09,4103.34,70.0
2026-07-30 20:47:00,4103.36,4103.37,4101.46,4101.61,104.0
2026-07-30 20:48:00,4101.64,4101.99,4101.04,4101.75,85.0
2026-07-30 20:49:00,4101.69,4102.5,4099.91,4099.98,102.0
2026-07-30 20:50:00,4100.15,4100.65,4099.15,4100.32,101.0
2026-07-30 20:51:00,4100.26,4101.73,4100.18,4101.6,118.0
2026-07-30 20:52:00,4101.13,4102.22,4101.09,4102.22,113.0
2026-07-30 20:53:00,4102.19,4102.47,4102.12,4102.28,84.0
2026-07-30 20:54:00,4102.35,4102.56,4101.15,4101.5,86.0
2026-07-30 20:55:00,4101.76,4101.77,4100.82,4101.56,99.0
2026-07-30 20:56:00,4101.61,4103.12,4101.61,4102.85,101.0
2026-07-30 20:57:00,4102.84,4102.98,4102.54,4102.87,69.0
2026-07-30 20:58:00,4102.81,4103.84,4102.74,4103.58,82.0
2026-07-30 20:59:00,4103.14,4103.62,4102.84,4103.15,80.0
2026-07-30 22:00:00,4104.12,4106.66,4103.02,4105.66,158.0
2026-07-30 22:01:00,4105.67,4105.67,4104.3,4105.41,78.0
2026-07-30 22:02:00,4105.4,4105.4,4104.1,4104.18,71.0
2026-07-30 22:03:00,4104.07,4106.55,4103.52,4106.01,64.0
2026-07-30 22:04:00,4105.98,4106.0,4102.99,4103.01,78.0
2026-07-30 22:05:00,4103.12,4103.26,4102.53,4103.16,69.0
2026-07-30 22:06:00,4103.17,4104.67,4103.1,4104.19,51.0
2026-07-30 22:07:00,4104.25,4104.86,4104.03,4104.8,56.0
2026-07-30 22:08:00,4104.72,4105.06,4104.28,4104.76,58.0
2026-07-30 22:09:00,4104.77,4105.61,4104.66,4105.45,56.0
2026-07-30 22:10:00,4105.46,4106.08,4105.19,4105.69,62.0
2026-07-30 22:11:00,4105.66,4106.41,4105.23,4105.56,61.0
2026-07-30 22:12:00,4105.62,4106.44,4105.26,4106.14,80.0
2026-07-30 22:13:00,4106.15,4106.81,4105.47,4106.75,95.0
2026-07-30 22:14:00,4106.57,4107.54,4106.52,4106.62,131.0
2026-07-30 22:15:00,4106.68,4107.8,4106.42,4107.62,116.0
2026-07-30 22:16:00,4107.33,4108.24,4107.16,4108.19,93.0
2026-07-30 22:17:00,4107.83,4107.99,4106.95,4107.0,98.0
2026-07-30 22:18:00,4107.05,4108.07,4106.86,4107.53,79.0
2026-07-30 22:19:00,4107.54,4108.13,4107.49,4108.12,81.0
2026-07-30 22:20:00,4107.99,4108.03,4107.5,4107.62,84.0
2026-07-30 22:21:00,4107.49,4107.84,4107.46,4107.8,71.0
2026-07-30 22:22:00,4107.73,4107.96,4107.25,4107.63,104.0
2026-07-30 22:23:00,4107.64,4107.74,4107.25,4107.27,74.0
2026-07-30 22:24:00,4107.24,4107.77,4107.2,4107.6,60.0
2026-07-30 22:25:00,4107.57,4107.98,4107.43,4107.86,68.0
2026-07-30 22:26:00,4107.85,4108.32,4107.46,4108.01,86.0
2026-07-30 22:27:00,4108.04,4108.18,4107.06,4107.25,82.0
2026-07-30 22:28:00,4107.34,4107.85,4107.25,4107.85,79.0
2026-07-30 22:29:00,4107.88,4107.88,4106.8,4107.63,70.0
2026-07-30 22:30:00,4107.64,4108.16,4107.37,4107.83,80.0
2026-07-30 22:31:00,4107.73,4107.96,4106.95,4107.74,82.0
2026-07-30 22:32:00,4107.69,4108.11,4107.27,4107.86,96.0
2026-07-30 22:33:00,4107.89,4108.21,4107.7,4107.82,86.0
2026-07-30 22:34:00,4107.74,4108.03,4107.44,4107.93,83.0
2026-07-30 22:35:00,4107.94,4108.41,4107.83,4108.33,58.0
2026-07-30 22:36:00,4108.49,4109.01,4108.3,4108.87,63.0
2026-07-30 22:37:00,4108.88,4109.52,4108.68,4109.11,86.0
2026-07-30 22:38:00,4109.15,4110.19,4109.1,4109.88,108.0
2026-07-30 22:39:00,4109.81,4110.43,4109.79,4110.07,99.0
2026-07-30 22:40:00,4109.92,4110.09,4109.8,4109.98,76.0
2026-07-30 22:41:00,4109.99,4110.03,4109.72,4109.97,43.0
2026-07-30 22:42:00,4109.96,4110.26,4109.56,4110.25,56.0
2026-07-30 22:43:00,4110.21,4110.33,4109.89,4110.0,63.0
2026-07-30 22:44:00,4109.99,4110.34,4109.52,4110.34,55.0
2026-07-30 22:45:00,4110.38,4110.5,4109.09,4109.09,61.0
2026-07-30 22:46:00,4109.04,4110.83,4109.02,4110.76,92.0
2026-07-30 22:47:00,4110.75,4110.88,4109.63,4109.63,50.0
2026-07-30 22:48:00,4109.62,4110.91,4109.61,4110.89,67.0
2026-07-30 22:49:00,4110.79,4110.83,4110.1,4110.69,38.0
2026-07-30 22:50:00,4110.7,4110.83,4110.23,4110.43,55.0
2026-07-30 22:51:00,4110.31,4110.7,4110.16,4110.7,67.0
2026-07-30 22:52:00,4110.69,4111.07,4110.62,4110.86,79.0
2026-07-30 22:53:00,4110.85,4110.91,4110.11,4110.41,65.0
2026-07-30 22:54:00,4110.42,4111.28,4110.24,4111.03,51.0
2026-07-30 22:55:00,4111.04,4111.12,4110.28,4110.46,37.0
2026-07-30 22:56:00,4110.41,4110.41,4109.5,4109.87,50.0
2026-07-30 22:57:00,4109.93,4109.93,4109.39,4109.59,50.0
2026-07-30 22:58:00,4109.54,4109.87,4109.31,4109.35,57.0
2026-07-30 22:59:00,4109.42,4110.16,4109.06,4109.17,61.0
2026-07-30 23:00:00,4109.13,4111.25,4109.13,4110.26,123.0
2026-07-30 23:01:00,4110.25,4111.03,4110.02,4110.96,71.0
2026-07-30 23:02:00,4110.93,4111.03,4110.69,4110.85,56.0
2026-07-30 23:03:00,4110.74,4111.08,4110.13,4110.75,68.0
2026-07-30 23:04:00,4110.67,4111.16,4110.58,4110.68,58.0
2026-07-30 23:05:00,4110.62,4111.67,4110.06,4111.65,84.0
2026-07-30 23:06:00,4111.66,4111.67,4111.29,4111.47,50.0
2026-07-30 23:07:00,4111.48,4111.55,4111.28,4111.55,24.0
2026-07-30 23:08:00,4111.43,4111.45,4109.82,4109.83,52.0
2026-07-30 23:09:00,4109.82,4109.83,4108.97,4109.54,78.0
2026-07-30 23:10:00,4109.57,4109.57,4108.33,4108.54,63.0
2026-07-30 23:11:00,4108.6,4108.6,4107.4,4107.5,74.0
2026-07-30 23:12:00,4107.45,4107.93,4107.43,4107.47,61.0
2026-07-30 23:13:00,4107.42,4107.76,4106.5,4106.6,88.0
2026-07-30 23:14:00,4106.6,4107.5,4106.54,4107.31,61.0
2026-07-30 23:15:00,4107.33,4107.46,4106.96,4107.15,53.0
2026-07-30 23:16:00,4107.12,4107.25,4106.85,4107.05,89.0
2026-07-30 23:17:00,4107.1,4107.1,4106.12,4106.81,92.0
2026-07-30 23:18:00,4106.77,4107.27,4106.5,4106.53,80.0
2026-07-30 23:19:00,4106.57,4106.83,4106.26,4106.6,86.0
2026-07-30 23:20:00,4106.57,4106.58,4105.1,4105.1,98.0
2026-07-30 23:21:00,4105.07,4105.33,4104.61,4104.95,101.0
2026-07-30 23:22:00,4104.94,4106.77,4104.85,4106.77,106.0
2026-07-30 23:23:00,4106.83,4107.05,4106.48,4106.48,66.0
2026-07-30 23:24:00,4106.54,4106.61,4105.87,4106.06,65.0
2026-07-30 23:25:00,4106.03,4106.27,4105.64,4106.06,82.0
2026-07-30 23:26:00,4106.04,4106.66,4105.73,4106.12,81.0
2026-07-30 23:27:00,4106.13,4106.19,4104.99,4105.07,49.0
2026-07-30 23:28:00,4105.06,4105.37,4104.71,4104.87,61.0
2026-07-30 23:29:00,4104.82,4104.85,4104.11,4104.25,83.0
2026-07-30 23:30:00,4104.27,4104.28,4103.63,4103.96,73.0
2026-07-30 23:31:00,4104.03,4104.77,4103.44,4104.44,99.0
2026-07-30 23:32:00,4104.43,4105.15,4104.26,4105.01,103.0
2026-07-30 23:33:00,4104.75,4105.02,4104.39,4104.51,67.0
2026-07-30 23:34:00,4104.54,4104.64,4103.91,4103.91,73.0
2026-07-30 23:35:00,4103.88,4103.88,4102.91,4103.38,90.0
2026-07-30 23:36:00,4103.32,4104.28,4102.23,4103.52,111.0
2026-07-30 23:37:00,4103.45,4104.15,4102.91,4104.08,101.0
2026-07-30 23:38:00,4104.1,4104.65,4103.67,4104.07,60.0
2026-07-30 23:39:00,4104.06,4105.89,4103.71,4105.78,103.0
2026-07-30 23:40:00,4105.74,4106.37,4105.34,4106.18,73.0
2026-07-30 23:41:00,4106.17,4107.27,4106.16,4106.84,95.0
2026-07-30 23:42:00,4106.85,4106.93,4104.9,4105.07,90.0
2026-07-30 23:43:00,4105.17,4105.66,4105.06,4105.64,58.0
2026-07-30 23:44:00,4105.63,4106.29,4105.62,4106.1,79.0
2026-07-30 23:45:00,4106.19,4109.53,4106.19,4109.21,136.0
2026-07-30 23:46:00,4109.24,4109.27,4108.23,4109.27,95.0
2026-07-30 23:47:00,4109.53,4110.02,4109.21,4109.23,81.0
2026-07-30 23:48:00,4109.3,4109.66,4108.45,4108.9,83.0
2026-07-30 23:49:00,4108.81,4108.91,4108.26,4108.38,85.0
2026-07-30 23:50:00,4108.34,4108.34,4106.52,4106.55,103.0
2026-07-30 23:51:00,4106.53,4109.17,4106.5,4108.89,91.0
2026-07-30 23:52:00,4108.9,4109.0,4108.19,4108.41,113.0
2026-07-30 23:53:00,4108.35,4108.35,4106.85,4106.9,95.0
2026-07-30 23:54:00,4106.84,4107.2,4106.5,4107.12,85.0
2026-07-30 23:55:00,4107.19,4107.34,4106.34,4106.42,78.0
2026-07-30 23:56:00,4106.35,4106.83,4106.23,4106.62,50.0
2026-07-30 23:57:00,4106.63,4107.13,4106.2,4107.08,62.0
2026-07-30 23:58:00,4107.0,4107.02,4105.9,4106.01,73.0
2026-07-30 23:59:00,4105.96,4106.49,4105.41,4105.84,102.0
2026-07-31 00:00:00,4105.99,4107.03,4101.5,4102.98,190.0
2026-07-31 00:01:00,4103.02,4103.58,4101.96,4102.2,165.0
2026-07-31 00:02:00,4102.21,4103.05,4101.73,4102.32,122.0
2026-07-31 00:03:00,4102.26,4104.73,4102.26,4104.73,173.0
2026-07-31 00:04:00,4104.77,4105.72,4104.2,4104.79,142.0
2026-07-31 00:05:00,4104.74,4104.99,4103.16,4103.29,140.0
2026-07-31 00:06:00,4103.32,4103.83,4101.56,4102.21,156.0
2026-07-31 00:07:00,4102.26,4103.3,4102.1,4103.29,180.0
2026-07-31 00:08:00,4103.35,4103.59,4102.22,4102.71,115.0
2026-07-31 00:09:00,4102.72,4103.4,4102.57,4103.19,139.0
2026-07-31 00:10:00,4103.09,4103.77,4102.11,4103.68,147.0
2026-07-31 00:11:00,4103.7,4103.91,4101.96,4101.97,133.0
2026-07-31 00:12:00,4102.0,4102.29,4101.13,4101.8,129.0
2026-07-31 00:13:00,4101.79,4102.11,4100.56,4100.93,121.0
2026-07-31 00:14:00,4100.96,4102.26,4100.86,4101.25,144.0
2026-07-31 00:15:00,4101.24,4102.6,4100.89,4101.73,144.0
2026-07-31 00:16:00,4101.7,4101.79,4100.38,4100.41,165.0
2026-07-31 00:17:00,4100.26,4101.36,4100.14,4100.6,146.0
2026-07-31 00:18:00,4100.55,4101.29,4100.15,4101.29,140.0
2026-07-31 00:19:00,4101.28,4101.41,4100.75,4101.37,114.0
2026-07-31 00:20:00,4101.38,4102.14,4100.24,4100.37,149.0
2026-07-31 00:21:00,4100.4,4100.9,4098.65,4099.6,145.0
2026-07-31 00:22:00,4099.7,4100.61,4099.53,4100.59,135.0
2026-07-31 00:23:00,4100.57,4103.07,4100.44,4102.86,146.0
2026-07-31 00:24:00,4102.89,4103.73,4102.44,4102.74,159.0
2026-07-31 00:25:00,4102.72,4102.75,4101.67,4101.73,140.0
2026-07-31 00:26:00,4101.59,4101.59,4100.03,4100.12,113.0
2026-07-31 00:27:00,4100.05,4100.16,4098.93,4099.19,125.0
2026-07-31 00:28:00,4099.27,4099.34,4096.84,4096.84,109.0
2026-07-31 00:29:00,4096.7,4096.7,4096.09,4096.42,100.0
2026-07-31 00:30:00,4096.35,4097.18,4095.65,4097.18,118.0
2026-07-31 00:31:00,4097.19,4097.44,4094.59,4095.01,159.0
2026-07-31 00:32:00,4095.07,4095.31,4094.51,4095.22,78.0
2026-07-31 00:33:00,4095.1,4095.1,4093.74,4093.88,121.0
2026-07-31 00:34:00,4093.76,4094.07,4093.38,4093.87,88.0
2026-07-31 00:35:00,4093.83,4093.83,4092.68,4093.49,98.0
2026-07-31 00:36:00,4093.54,4093.54,4092.03,4092.33,142.0
2026-07-31 00:37:00,4092.34,4093.49,4091.9,4093.31,131.0
2026-07-31 00:38:00,4093.35,4093.6,4091.9,4092.15,108.0
2026-07-31 00:39:00,4092.29,4092.79,4091.56,4092.49,123.0
2026-07-31 00:40:00,4092.45,4092.57,4091.15,4091.48,119.0
2026-07-31 00:41:00,4091.51,4091.93,4090.5,4091.81,112.0
2026-07-31 00:42:00,4091.85,4093.38,4091.61,4092.28,133.0
2026-07-31 00:43:00,4092.26,4092.34,4091.39,4092.34,120.0
2026-07-31 00:44:00,4092.35,4093.33,4091.2,4093.01,133.0
2026-07-31 00:45:00,4093.05,4093.43,4091.83,4092.03,148.0
2026-07-31 00:46:00,4091.93,4091.93,4090.6,4091.38,165.0
2026-07-31 00:47:00,4091.28,4092.28,4090.59,4092.23,126.0
2026-07-31 00:48:00,4092.24,4094.0,4091.96,4094.0,118.0
2026-07-31 00:49:00,4094.06,4094.16,4092.79,4093.38,144.0
2026-07-31 00:50:00,4093.54,4094.22,4092.78,4094.06,137.0
2026-07-31 00:51:00,4094.19,4094.82,4093.21,4093.43,127.0
2026-07-31 00:52:00,4093.49,4095.22,4093.42,4094.72,104.0
2026-07-31 00:53:00,4094.67,4095.27,4094.13,4094.34,126.0
2026-07-31 00:54:00,4094.23,4094.77,4092.98,4093.39,141.0
2026-07-31 00:55:00,4093.3,4094.72,4093.19,4094.37,132.0
2026-07-31 00:56:00,4094.13,4095.07,4093.02,4093.86,124.0
2026-07-31 00:57:00,4093.9,4094.35,4092.51,4092.89,150.0
2026-07-31 00:58:00,4092.98,4094.12,4092.98,4093.83,99.0
2026-07-31 00:59:00,4093.91,4096.01,4093.91,4094.7,130.0
2026-07-31 01:00:00,4094.85,4098.98,4094.79,4096.48,269.0
2026-07-31 01:01:00,4096.49,4099.81,4095.91,4096.47,254.0
2026-07-31 01:02:00,4096.67,4101.36,4096.65,4100.21,226.0
2026-07-31 01:03:00,4100.48,4101.26,4097.71,4098.37,209.0
2026-07-31 01:04:00,4098.47,4099.55,4097.7,4097.95,198.0
2026-07-31 01:05:00,4097.92,4098.85,4095.46,4098.08,217.0
2026-07-31 01:06:00,4098.05,4098.24,4096.9,4097.8,234.0
2026-07-31 01:07:00,4097.85,4098.08,4096.09,4098.03,176.0
2026-07-31 01:08:00,4097.96,4101.61,4097.54,4099.68,215.0
2026-07-31 01:09:00,4099.71,4099.92,4098.08,4098.08,176.0
2026-07-31 01:10:00,4097.97,4097.97,4094.85,4094.85,192.0
2026-07-31 01:11:00,4094.87,4095.62,4093.54,4093.63,200.0
2026-07-31 01:12:00,4093.65,4094.9,4093.19,4094.46,170.0
2026-07-31 01:13:00,4094.46,4094.69,4092.2,4092.85,159.0
2026-07-31 01:14:00,4092.76,4093.05,4088.72,4088.94,172.0
2026-07-31 01:15:00,4088.98,4090.06,4086.58,4086.9,201.0
2026-07-31 01:16:00,4086.88,4089.19,4086.83,4088.99,163.0
2026-07-31 01:17:00,4089.04,4091.43,4088.94,4091.25,151.0
2026-07-31 01:18:00,4091.45,4091.95,4090.34,4090.35,165.0
2026-07-31 01:19:00,4090.44,4094.19,4090.32,4093.89,156.0
2026-07-31 01:20:00,4093.86,4094.92,4093.1,4094.92,162.0
2026-07-31 01:21:00,4094.86,4094.99,4091.94,4092.69,160.0
2026-07-31 01:22:00,4092.66,4093.49,4092.57,4093.35,110.0
2026-07-31 01:23:00,4093.72,4093.72,4091.69,4092.85,141.0
2026-07-31 01:24:00,4092.81,4093.16,4091.1,4092.43,153.0
2026-07-31 01:25:00,4092.32,4093.32,4091.94,4093.32,146.0
2026-07-31 01:26:00,4093.56,4094.43,4092.55,4094.43,139.0
2026-07-31 01:27:00,4094.32,4094.33,4093.08,4094.11,126.0
2026-07-31 01:28:00,4094.07,4094.71,4092.82,4092.87,122.0
2026-07-31 01:29:00,4092.82,4092.82,4090.52,4091.98,123.0
2026-07-31 01:30:00,4091.99,4091.99,4090.46,4091.39,195.0
2026-07-31 01:31:00,4091.28,4091.46,4088.8,4088.8,160.0
2026-07-31 01:32:00,4088.73,4090.24,4087.81,4088.52,174.0
2026-07-31 01:33:00,4088.47,4089.06,4086.8,4088.35,176.0
2026-07-31 01:34:00,4088.28,4088.57,4086.95,4087.93,141.0
2026-07-31 01:35:00,4087.99,4088.35,4087.31,4087.66,161.0
2026-07-31 01:36:00,4087.63,4087.73,4086.63,4087.63,152.0
2026-07-31 01:37:00,4087.56,4087.57,4085.27,4086.16,180.0
2026-07-31 01:38:00,4086.2,4086.23,4084.94,4085.02,167.0
2026-07-31 01:39:00,4084.98,4085.32,4083.88,4084.94,176.0
2026-07-31 01:40:00,4084.78,4086.9,4084.42,4085.08,156.0
2026-07-31 01:41:00,4085.2,4086.18,4084.91,4085.85,144.0
2026-07-31 01:42:00,4085.95,4087.39,4085.95,4086.9,153.0
2026-07-31 01:43:00,4086.85,4086.85,4085.46,4086.49,131.0
2026-07-31 01:44:00,4086.43,4087.32,4085.16,4085.61,144.0
2026-07-31 01:45:00,4085.6,4087.49,4084.82,4087.08,147.0
2026-07-31 01:46:00,4087.0,4089.41,4086.61,4089.38,148.0
2026-07-31 01:47:00,4089.37,4089.38,4086.49,4086.49,125.0
2026-07-31 01:48:00,4086.62,4086.62,4083.94,4084.02,144.0
2026-07-31 01:49:00,4083.78,4084.58,4083.26,4083.97,170.0
2026-07-31 01:50:00,4084.03,4084.37,4081.97,4082.82,181.0
2026-07-31 01:51:00,4082.79,4085.37,4082.72,4084.34,173.0
2026-07-31 01:52:00,4084.36,4084.85,4083.84,4083.92,105.0
2026-07-31 01:53:00,4083.85,4085.7,4083.52,4085.08,142.0
2026-07-31 01:54:00,4085.02,4085.48,4083.99,4084.96,153.0
2026-07-31 01:55:00,4085.0,4086.44,4084.94,4086.14,165.0
2026-07-31 01:56:00,4086.08,4087.41,4085.72,4086.99,125.0
2026-07-31 01:57:00,4086.91,4087.19,4085.83,4086.55,127.0
2026-07-31 01:58:00,4086.64,4086.68,4085.72,4086.21,101.0
2026-07-31 01:59:00,4086.13,4086.54,4084.25,4084.25,126.0
2026-07-31 02:00:00,4084.29,4086.4,4084.22,4084.33,193.0
2026-07-31 02:01:00,4084.29,4085.16,4082.49,4082.62,160.0
2026-07-31 02:02:00,4082.5,4083.26,4081.63,4082.02,142.0
2026-07-31 02:03:00,4082.08,4085.67,4081.99,4085.05,142.0
2026-07-31 02:04:00,4084.96,4085.83,4084.93,4085.32,144.0
2026-07-31 02:05:00,4085.41,4087.08,4085.34,4086.92,124.0
2026-07-31 02:06:00,4086.93,4088.96,4086.82,4087.46,190.0
2026-07-31 02:07:00,4087.5,4087.99,4086.51,4086.54,135.0
2026-07-31 02:08:00,4086.83,4087.3,4086.35,4086.66,132.0
2026-07-31 02:09:00,4086.77,4089.13,4086.69,4088.87,108.0
2026-07-31 02:10:00,4088.68,4089.11,4088.19,4088.86,133.0
2026-07-31 02:11:00,4088.85,4090.39,4088.77,4089.37,156.0
2026-07-31 02:12:00,4089.23,4089.65,4088.33,4089.1,125.0
2026-07-31 02:13:00,4089.12,4089.37,4088.39,4088.39,130.0
2026-07-31 02:14:00,4088.64,4088.87,4085.53,4085.53,154.0
2026-07-31 02:15:00,4085.52,4085.52,4081.54,4082.58,152.0
2026-07-31 02:16:00,4082.73,4084.4,4082.06,4084.08,130.0
2026-07-31 02:17:00,4084.09,4084.24,4082.83,4083.75,130.0
2026-07-31 02:18:00,4083.74,4083.89,4082.4,4083.81,85.0
2026-07-31 02:19:00,4083.91,4083.91,4081.96,4082.48,79.0
2026-07-31 02:20:00,4082.6,4084.18,4082.6,4083.24,85.0
2026-07-31 02:21:00,4083.27,4083.9,4082.6,4083.08,79.0
2026-07-31 02:22:00,4083.07,4083.1,4082.41,4082.97,65.0
2026-07-31 02:23:00,4082.8,4083.29,4082.58,4083.04,83.0
2026-07-31 02:24:00,4083.16,4083.4,4082.3,4082.52,108.0
2026-07-31 02:25:00,4082.57,4082.57,4081.52,4081.91,114.0
2026-07-31 02:26:00,4082.17,4082.93,4081.57,4082.55,96.0
2026-07-31 02:27:00,4082.58,4083.01,4081.99,4082.75,58.0
2026-07-31 02:28:00,4082.79,4082.79,4082.29,4082.29,58.0
2026-07-31 02:29:00,4082.3,4082.5,4081.77,4082.18,80.0
2026-07-31 02:30:00,4081.74,4083.01,4081.06,4082.77,163.0
2026-07-31 02:31:00,4082.79,4083.79,4082.43,4082.7,141.0
2026-07-31 02:32:00,4082.8,4084.31,4082.8,4083.98,128.0
2026-07-31 02:33:00,4083.97,4084.0,4082.41,4082.84,118.0
2026-07-31 02:34:00,4082.85,4082.96,4081.47,4082.03,107.0
2026-07-31 02:35:00,4082.01,4082.15,4081.11,4081.66,136.0
2026-07-31 02:36:00,4081.56,4081.96,4081.21,4081.33,119.0
2026-07-31 02:37:00,4081.34,4081.98,4081.1,4081.22,138.0
2026-07-31 02:38:00,4081.23,4082.27,4081.23,4082.17,132.0
2026-07-31 02:39:00,4082.25,4082.52,4081.73,4082.27,134.0
2026-07-31 02:40:00,4082.28,4082.69,4081.25,4082.39,125.0
2026-07-31 02:41:00,4082.34,4082.55,4079.63,4080.55,133.0
2026-07-31 02:42:00,4080.56,4080.56,4077.13,4077.17,159.0
2026-07-31 02:43:00,4077.31,4077.81,4075.8,4076.28,173.0
2026-07-31 02:44:00,4076.31,4076.58,4075.37,4075.46,125.0
2026-07-31 02:45:00,4075.47,4076.23,4074.69,4075.94,159.0
2026-07-31 02:46:00,4075.95,4077.55,4075.08,4075.72,179.0
2026-07-31 02:47:00,4075.78,4077.23,4075.48,4076.91,111.0
2026-07-31 02:48:00,4076.98,4078.0,4076.68,4077.11,132.0
2026-07-31 02:49:00,4076.91,4077.52,4075.35,4077.33,135.0
2026-07-31 02:50:00,4077.38,4077.38,4075.94,4076.4,131.0
2026-07-31 02:51:00,4076.48,4076.6,4074.22,4075.1,117.0
2026-07-31 02:52:00,4075.04,4076.41,4075.04,4076.41,103.0
2026-07-31 02:53:00,4076.46,4077.53,4076.46,4077.14,125.0
2026-07-31 02:54:00,4077.18,4077.59,4076.62,4076.62,99.0
2026-07-31 02:55:00,4076.6,4078.14,4076.5,4078.07,114.0
2026-07-31 02:56:00,4078.08,4078.08,4076.76,4076.85,152.0
2026-07-31 02:57:00,4076.81,4077.25,4076.39,4077.21,92.0
2026-07-31 02:58:00,4077.21,4078.34,4076.2,4076.2,107.0
2026-07-31 02:59:00,4076.21,4077.1,4076.1,4076.16,105.0
2026-07-31 03:00:00,4075.9,4076.16,4075.23,4075.52,135.0
2026-07-31 03:01:00,4075.54,4075.87,4075.24,4075.54,101.0
2026-07-31 03:02:00,4075.67,4076.11,4074.76,4075.07,81.0
2026-07-31 03:03:00,4075.06,4075.36,4073.52,4074.18,141.0
2026-07-31 03:04:00,4074.19,4074.57,4073.41,4073.49,90.0
2026-07-31 03:05:00,4073.59,4074.91,4073.43,4074.69,125.0
2026-07-31 03:06:00,4074.64,4075.54,4074.06,4074.94,124.0
2026-07-31 03:07:00,4074.94,4075.0,4074.22,4074.96,86.0
2026-07-31 03:08:00,4074.92,4076.04,4074.91,4075.49,119.0
2026-07-31 03:09:00,4075.73,4076.31,4074.36,4074.49,120.0
2026-07-31 03:10:00,4074.53,4075.47,4073.7,4075.25,113.0
2026-07-31 03:11:00,4075.22,4075.22,4072.9,4073.65,197.0
2026-07-31 03:12:00,4073.74,4073.87,4072.05,4073.0,172.0
2026-07-31 03:13:00,4073.07,4073.91,4072.78,4072.87,179.0
2026-07-31 03:14:00,4072.76,4073.55,4072.12,4073.45,160.0
2026-07-31 03:15:00,4073.44,4073.86,4072.8,4073.05,122.0
2026-07-31 03:16:00,4073.06,4073.72,4072.7,4073.58,138.0
2026-07-31 03:17:00,4073.52,4073.63,4073.09,4073.25,116.0
2026-07-31 03:18:00,4073.24,4073.32,4072.35,4072.38,138.0
2026-07-31 03:19:00,4072.56,4073.91,4072.28,4073.8,135.0
2026-07-31 03:20:00,4073.79,4074.11,4072.91,4073.04,137.0
2026-07-31 03:21:00,4073.06,4073.97,4073.06,4073.62,130.0
2026-07-31 03:22:00,4073.63,4074.28,4073.05,4073.11,112.0
2026-07-31 03:23:00,4073.11,4073.72,4072.62,4073.19,117.0
2026-07-31 03:24:00,4073.23,4073.73,4072.55,4073.68,116.0
2026-07-31 03:25:00,4073.7,4074.21,4073.6,4074.21,121.0
2026-07-31 03:26:00,4074.36,4074.5,4073.09,4073.42,137.0
2026-07-31 03:27:00,4073.41,4073.46,4072.85,4073.12,112.0
2026-07-31 03:28:00,4073.15,4075.07,4073.12,4074.66,154.0
2026-07-31 03:29:00,4074.65,4076.08,4074.64,4075.17,175.0
2026-07-31 03:30:00,4075.25,4075.91,4075.03,4075.91,151.0
2026-07-31 03:31:00,4075.88,4076.24,4075.6,4075.71,153.0
2026-07-31 03:32:00,4076.08,4076.77,4075.58,4076.28,124.0
2026-07-31 03:33:00,4076.14,4077.07,4075.68,4075.9,141.0
2026-07-31 03:34:00,4075.84,4077.0,4075.67,4077.0,96.0
2026-07-31 03:35:00,4076.97,4077.01,4075.09,4075.52,121.0
2026-07-31 03:36:00,4075.53,4077.06,4075.42,4076.65,117.0
2026-07-31 03:37:00,4076.66,4077.15,4076.31,4076.89,122.0
2026-07-31 03:38:00,4076.84,4078.13,4076.68,4078.12,134.0
2026-07-31 03:39:00,4078.14,4079.38,4078.1,4078.78,153.0
2026-07-31 03:40:00,4078.73,4078.79,4076.66,4076.85,128.0
2026-07-31 03:41:00,4076.95,4077.13,4076.25,4076.25,123.0
2026-07-31 03:42:00,4076.29,4076.58,4075.52,4075.64,108.0
2026-07-31 03:43:00,4075.6,4076.76,4075.53,4076.75,79.0
2026-07-31 03:44:00,4076.73,4076.75,4076.19,4076.54,88.0
2026-07-31 03:45:00,4076.52,4077.57,4076.52,4077.5,94.0
2026-07-31 03:46:00,4077.5,4077.56,4077.09,4077.09,87.0
2026-07-31 03:47:00,4077.1,4077.45,4076.99,4077.31,93.0
2026-07-31 03:48:00,4077.29,4077.29,4076.24,4076.56,93.0
2026-07-31 03:49:00,4076.62,4076.83,4075.59,4075.86,105.0
2026-07-31 03:50:00,4075.82,4076.43,4075.82,4076.15,115.0
2026-07-31 03:51:00,4076.14,4076.77,4075.82,4076.19,122.0
2026-07-31 03:52:00,4076.26,4076.36,4075.36,4075.76,95.0
2026-07-31 03:53:00,4075.96,4076.19,4075.29,4075.64,95.0
2026-07-31 03:54:00,4075.68,4075.68,4074.8,4075.01,81.0
2026-07-31 03:55:00,4075.02,4075.13,4074.57,4074.69,74.0
2026-07-31 03:56:00,4074.72,4075.18,4074.53,4074.9,94.0
2026-07-31 03:57:00,4074.87,4075.27,4074.3,4074.38,107.0
2026-07-31 03:58:00,4074.39,4075.28,4074.39,4075.23,71.0
2026-07-31 03:59:00,4075.2,4075.53,4074.96,4075.06,102.0
2026-07-31 04:00:00,4075.04,4075.92,4074.26,4075.06,148.0
2026-07-31 04:01:00,4075.05,4075.73,4074.86,4075.18,109.0
2026-07-31 04:02:00,4075.17,4075.37,4074.87,4074.87,97.0
2026-07-31 04:03:00,4074.87,4075.72,4074.0,4074.44,105.0
2026-07-31 04:04:00,4074.44,4074.74,4074.44,4074.67,75.0
2026-07-31 04:05:00,4074.68,4074.95,4074.25,4074.25,90.0
2026-07-31 04:06:00,4074.12,4074.81,4073.64,4074.73,85.0
2026-07-31 04:07:00,4074.72,4074.96,4074.32,4074.75,81.0
2026-07-31 04:08:00,4074.77,4074.77,4074.22,4074.29,84.0
2026-07-31 04:09:00,4074.29,4075.28,4073.52,4075.18,134.0
2026-07-31 04:10:00,4075.19,4075.6,4074.69,4075.5,70.0
2026-07-31 04:11:00,4075.54,4075.69,4074.23,4074.48,78.0
2026-07-31 04:12:00,4074.43,4075.13,4073.3,4074.37,109.0
2026-07-31 04:13:00,4074.32,4075.61,4074.09,4075.61,72.0
2026-07-31 04:14:00,4075.62,4076.98,4075.62,4076.81,93.0
2026-07-31 04:15:00,4076.77,4077.18,4076.33,4077.12,118.0
2026-07-31 04:16:00,4077.13,4077.86,4077.13,4077.79,98.0
2026-07-31 04:17:00,4077.78,4077.81,4076.83,4076.92,91.0
2026-07-31 04:18:00,4076.91,4076.99,4075.87,4076.21,74.0
2026-07-31 04:19:00,4076.14,4076.86,4076.09,4076.12,81.0
2026-07-31 04:20:00,4076.09,4076.09,4074.76,4075.4,81.0
2026-07-31 04:21:00,4075.37,4076.24,4075.21,4076.06,74.0
2026-07-31 04:22:00,4076.07,4076.07,4074.77,4075.26,118.0
2026-07-31 04:23:00,4075.17,4076.71,4074.54,4076.62,83.0
2026-07-31 04:24:00,4076.71,4078.68,4076.71,4078.52,113.0
2026-07-31 04:25:00,4078.53,4078.68,4078.24,4078.58,72.0
2026-07-31 04:26:00,4078.59,4079.03,4077.58,4077.89,81.0
2026-07-31 04:27:00,4077.91,4079.82,4077.65,4079.29,74.0
2026-07-31 04:28:00,4079.3,4079.84,4078.99,4079.37,90.0
2026-07-31 04:29:00,4079.36,4080.05,4078.95,4079.97,63.0
2026-07-31 04:30:00,4080.01,4080.49,4079.68,4080.35,82.0
2026-07-31 04:31:00,4080.27,4080.28,4079.27,4079.7,74.0
2026-07-31 04:32:00,4079.7,4080.53,4079.67,4080.44,66.0
2026-07-31 04:33:00,4080.65,4081.17,4080.08,4080.71,99.0
2026-07-31 04:34:00,4080.72,4080.72,4079.5,4079.86,101.0
2026-07-31 04:35:00,4079.78,4081.18,4079.77,4081.13,84.0
2026-07-31 04:36:00,4081.08,4081.24,4080.92,4081.1,39.0
2026-07-31 04:37:00,4081.03,4081.06,4080.09,4080.14,69.0
2026-07-31 04:38:00,4080.11,4080.52,4080.05,4080.22,57.0
2026-07-31 04:39:00,4080.22,4081.3,4080.2,4081.26,63.0
2026-07-31 04:40:00,4081.22,4081.33,4080.03,4080.36,70.0
2026-07-31 04:41:00,4080.28,4080.35,4079.66,4079.96,77.0
2026-07-31 04:42:00,4079.94,4080.09,4079.92,4080.05,64.0
2026-07-31 04:43:00,4080.03,4080.06,4079.5,4079.51,64.0
2026-07-31 04:44:00,4079.54,4079.54,4079.26,4079.28,64.0
2026-07-31 04:45:00,4079.27,4079.58,4078.77,4078.88,87.0
2026-07-31 04:46:00,4078.91,4079.18,4078.55,4078.98,71.0
2026-07-31 04:47:00,4078.99,4079.0,4078.19,4078.28,90.0
2026-07-31 04:48:00,4078.27,4078.27,4077.7,4078.1,61.0
2026-07-31 04:49:00,4078.28,4078.29,4075.53,4075.53,108.0
2026-07-31 04:50:00,4075.55,4075.66,4074.75,4075.66,106.0
2026-07-31 04:51:00,4075.67,4076.54,4075.62,4076.37,70.0
2026-07-31 04:52:00,4076.4,4076.99,4076.38,4076.95,65.0
2026-07-31 04:53:00,4076.91,4077.34,4076.81,4077.29,68.0
2026-07-31 04:54:00,4077.41,4078.12,4077.23,4078.08,76.0
2026-07-31 04:55:00,4078.09,4078.93,4077.7,4078.49,84.0
2026-07-31 04:56:00,4078.48,4078.97,4078.3,4078.44,57.0
2026-07-31 04:57:00,4078.6,4079.41,4078.38,4078.96,62.0
2026-07-31 04:58:00,4079.02,4079.18,4078.42,4078.56,72.0
2026-07-31 04:59:00,4078.55,4080.08,4078.53,4080.01,77.0
2026-07-31 05:00:00,4080.02,4081.05,4079.85,4080.44,114.0
2026-07-31 05:01:00,4080.5,4081.96,4080.5,4081.69,95.0
2026-07-31 05:02:00,4081.64,4081.64,4080.54,4080.93,114.0
2026-07-31 05:03:00,4080.91,4082.07,4080.87,4081.91,89.0
2026-07-31 05:04:00,4081.89,4082.59,4081.77,4082.59,87.0
2026-07-31 05:05:00,4082.5,4082.64,4081.85,4082.62,98.0
2026-07-31 05:06:00,4082.66,4083.2,4081.99,4082.21,95.0
2026-07-31 05:07:00,4082.15,4082.19,4081.27,4081.56,97.0
2026-07-31 05:08:00,4081.55,4081.62,4081.03,4081.55,79.0
2026-07-31 05:09:00,4081.57,4081.64,4081.07,4081.64,45.0
2026-07-31 05:10:00,4081.67,4082.35,4081.64,4082.17,69.0
2026-07-31 05:11:00,4082.16,4082.16,4081.13,4081.15,68.0
2026-07-31 05:12:00,4081.12,4081.51,4080.79,4080.79,74.0
2026-07-31 05:13:00,4080.87,4081.0,4079.81,4080.07,88.0
2026-07-31 05:14:00,4080.08,4080.11,4079.77,4079.9,45.0
2026-07-31 05:15:00,4079.87,4080.44,4079.78,4080.13,83.0
2026-07-31 05:16:00,4080.14,4080.35,4079.51,4080.14,61.0
2026-07-31 05:17:00,4080.13,4082.24,4080.13,4081.9,82.0
2026-07-31 05:18:00,4082.13,4082.13,4081.18,4081.37,75.0
2026-07-31 05:19:00,4081.36,4082.31,4081.36,4081.77,48.0
2026-07-31 05:20:00,4081.76,4082.24,4081.58,4081.58,50.0
2026-07-31 05:21:00,4081.52,4081.6,4080.58,4081.02,87.0
2026-07-31 05:22:00,4081.03,4081.05,4080.55,4080.77,45.0
2026-07-31 05:23:00,4080.8,4081.83,4080.7,4081.82,79.0
2026-07-31 05:24:00,4081.72,4082.85,4081.71,4082.45,71.0
2026-07-31 05:25:00,4082.35,4082.35,4081.01,4081.52,77.0
2026-07-31 05:26:00,4081.51,4081.61,4080.12,4080.71,61.0
2026-07-31 05:27:00,4080.8,4081.14,4080.79,4081.05,59.0
2026-07-31 05:28:00,4081.07,4081.28,4081.02,4081.21,42.0
2026-07-31 05:29:00,4081.14,4081.35,4080.9,4080.95,53.0
2026-07-31 05:30:00,4080.97,4081.6,4079.94,4080.44,195.0
2026-07-31 05:31:00,4080.4,4081.34,4079.49,4079.92,172.0
2026-07-31 05:32:00,4079.91,4081.35,4079.86,4080.48,98.0
2026-07-31 05:33:00,4080.54,4081.01,4078.84,4079.55,159.0
2026-07-31 05:34:00,4079.56,4080.15,4079.09,4079.12,160.0
2026-07-31 05:35:00,4079.15,4081.16,4079.09,4081.1,142.0
2026-07-31 05:36:00,4080.92,4081.19,4079.75,4079.98,131.0
2026-07-31 05:37:00,4079.97,4080.33,4078.99,4078.99,151.0
2026-07-31 05:38:00,4078.89,4079.0,4077.36,4077.82,135.0
2026-07-31 05:39:00,4077.88,4079.76,4077.88,4079.46,122.0
2026-07-31 05:40:00,4079.56,4080.13,4077.84,4077.87,166.0
2026-07-31 05:41:00,4077.84,4078.16,4077.33,4077.4,116.0
2026-07-31 05:42:00,4077.39,4079.0,4077.06,4077.95,123.0
2026-07-31 05:43:00,4077.99,4078.05,4077.37,4077.73,131.0
2026-07-31 05:44:00,4077.67,4077.73,4075.9,4076.42,134.0
2026-07-31 05:45:00,4076.25,4076.28,4075.16,4075.51,111.0
2026-07-31 05:46:00,4075.52,4075.62,4074.35,4074.62,131.0
2026-07-31 05:47:00,4074.67,4074.96,4073.71,4074.47,131.0
2026-07-31 05:48:00,4074.48,4076.46,4074.47,4076.41,144.0
2026-07-31 05:49:00,4076.38,4076.38,4075.59,4075.66,68.0
2026-07-31 05:50:00,4075.72,4075.73,4074.4,4074.71,115.0
2026-07-31 05:51:00,4074.72,4075.3,4074.28,4074.28,156.0
2026-07-31 05:52:00,4074.27,4074.61,4073.36,4073.81,165.0
2026-07-31 05:53:00,4073.79,4075.65,4073.68,4075.61,118.0
2026-07-31 05:54:00,4075.49,4075.88,4075.15,4075.53,126.0
2026-07-31 05:55:00,4075.23,4076.09,4074.9,4075.0,157.0
2026-07-31 05:56:00,4074.98,4075.16,4074.06,4074.73,119.0
2026-07-31 05:57:00,4074.7,4074.7,4073.78,4074.23,136.0
2026-07-31 05:58:00,4074.24,4075.22,4073.51,4073.77,148.0
2026-07-31 05:59:00,4073.8,4074.45,4073.46,4074.39,139.0
2026-07-31 06:00:00,4074.38,4075.16,4073.93,4074.97,169.0
2026-07-31 06:01:00,4074.94,4075.54,4072.82,4072.82,153.0
2026-07-31 06:02:00,4072.81,4074.24,4072.81,4073.15,157.0
2026-07-31 06:03:00,4073.21,4075.32,4072.86,4075.32,157.0
2026-07-31 06:04:00,4075.84,4078.03,4075.84,4078.03,165.0
2026-07-31 06:05:00,4078.05,4080.58,4077.76,4080.24,179.0
2026-07-31 06:06:00,4080.26,4081.56,4080.18,4080.67,146.0
2026-07-31 06:07:00,4080.68,4081.73,4080.68,4081.64,158.0
2026-07-31 06:08:00,4081.57,4081.6,4080.83,4081.36,125.0
2026-07-31 06:09:00,4081.38,4082.41,4081.24,4082.04,123.0
2026-07-31 06:10:00,4081.88,4082.08,4080.33,4081.19,156.0
2026-07-31 06:11:00,4081.17,4082.79,4080.76,4082.79,132.0
2026-07-31 06:12:00,4082.8,4082.8,4081.34,4081.37,131.0
2026-07-31 06:13:00,4081.37,4082.01,4081.35,4081.99,115.0
2026-07-31 06:14:00,4082.0,4082.83,4081.66,4082.39,110.0
2026-07-31 06:15:00,4082.38,4082.39,4081.13,4081.61,158.0
2026-07-31 06:16:00,4081.93,4085.61,4081.61,4085.23,180.0
2026-07-31 06:17:00,4085.25,4086.84,4085.17,4086.31,169.0
2026-07-31 06:18:00,4086.34,4087.28,4085.79,4087.02,154.0
2026-07-31 06:19:00,4086.95,4087.51,4086.43,4086.57,146.0
2026-07-31 06:20:00,4086.61,4086.99,4085.82,4086.04,132.0
2026-07-31 06:21:00,4086.03,4087.46,4084.83,4084.95,124.0
2026-07-31 06:22:00,4085.01,4085.01,4083.51,4083.73,115.0
2026-07-31 06:23:00,4083.69,4084.03,4082.55,4082.71,138.0
2026-07-31 06:24:00,4082.63,4084.31,4082.57,4083.67,143.0
2026-07-31 06:25:00,4083.7,4084.0,4082.12,4082.53,127.0
2026-07-31 06:26:00,4082.47,4083.96,4082.22,4083.96,146.0
2026-07-31 06:27:00,4083.99,4086.17,4083.97,4086.06,172.0
2026-07-31 06:28:00,4086.02,4086.29,4084.71,4084.92,140.0
2026-07-31 06:29:00,4084.93,4085.38,4084.63,4084.93,116.0
2026-07-31 06:30:00,4084.96,4085.06,4082.41,4082.51,191.0
2026-07-31 06:31:00,4082.52,4083.9,4082.48,4083.79,149.0
2026-07-31 06:32:00,4083.69,4083.71,4082.18,4082.2,153.0
2026-07-31 06:33:00,4082.19,4082.19,4078.54,4079.59,167.0
2026-07-31 06:34:00,4079.58,4079.95,4077.6,4078.28,173.0
2026-07-31 06:35:00,4078.36,4079.59,4078.29,4079.22,160.0
2026-07-31 06:36:00,4079.15,4080.07,4078.45,4078.88,151.0
2026-07-31 06:37:00,4079.01,4079.81,4078.79,4079.53,173.0
2026-07-31 06:38:00,4079.5,4079.58,4077.67,4077.75,164.0
2026-07-31 06:39:00,4077.67,4079.06,4077.4,4078.92,196.0
2026-07-31 06:40:00,4078.89,4079.1,4077.92,4078.16,165.0
2026-07-31 06:41:00,4078.11,4078.9,4077.82,4078.66,173.0
2026-07-31 06:42:00,4078.68,4079.26,4078.08,4078.17,142.0
2026-07-31 06:43:00,4077.84,4078.95,4077.69,4078.86,140.0
2026-07-31 06:44:00,4078.8,4078.8,4077.96,4078.12,168.0
2026-07-31 06:45:00,4078.13,4079.84,4076.98,4079.28,186.0
2026-07-31 06:46:00,4079.25,4080.86,4079.03,4080.73,153.0
2026-07-31 06:47:00,4080.83,4081.55,4079.63,4079.85,168.0
2026-07-31 06:48:00,4079.79,4080.12,4078.38,4078.4,128.0
2026-07-31 06:49:00,4078.38,4078.38,4077.1,4077.97,109.0
2026-07-31 06:50:00,4077.92,4078.18,4076.47,4077.11,147.0
2026-07-31 06:51:00,4077.11,4078.62,4077.11,4077.95,163.0
2026-07-31 06:52:00,4077.91,4077.91,4076.92,4077.45,135.0
2026-07-31 06:53:00,4077.45,4078.58,4077.45,4078.24,133.0
2026-07-31 06:54:00,4078.27,4078.8,4078.07,4078.6,133.0
2026-07-31 06:55:00,4078.62,4079.17,4077.57,4077.57,149.0
2026-07-31 06:56:00,4077.62,4078.76,4077.56,4078.7,119.0
2026-07-31 06:57:00,4078.71,4079.14,4077.72,4079.14,144.0
2026-07-31 06:58:00,4079.14,4079.14,4078.23,4078.45,140.0
2026-07-31 06:59:00,4078.43,4078.58,4077.61,4077.63,134.0
2026-07-31 07:00:00,4077.61,4077.88,4075.85,4076.67,176.0
2026-07-31 07:01:00,4076.66,4077.05,4076.07,4076.73,128.0
2026-07-31 07:02:00,4076.52,4076.67,4075.57,4076.21,137.0
2026-07-31 07:03:00,4076.24,4076.24,4075.49,4076.09,137.0
2026-07-31 07:04:00,4076.07,4078.07,4075.56,4077.88,166.0
2026-07-31 07:05:00,4077.84,4078.23,4077.34,4077.87,129.0
2026-07-31 07:06:00,4077.88,4078.8,4077.18,4077.72,134.0
2026-07-31 07:07:00,4077.73,4078.81,4077.54,4078.15,126.0
2026-07-31 07:08:00,4078.14,4078.29,4077.74,4077.88,122.0
2026-07-31 07:09:00,4077.9,4079.1,4077.77,4078.35,113.0
2026-07-31 07:10:00,4078.41,4078.5,4077.54,4077.7,107.0
2026-07-31 07:11:00,4077.7,4077.74,4076.74,4077.02,97.0
2026-07-31 07:12:00,4076.98,4077.31,4076.22,4077.3,128.0
2026-07-31 07:13:00,4077.34,4077.69,4076.4,4077.01,132.0
2026-07-31 07:14:00,4077.17,4077.56,4075.44,4077.55,148.0
2026-07-31 07:15:00,4077.57,4078.86,4077.2,4078.57,160.0
2026-07-31 07:16:00,4078.51,4078.51,4076.36,4076.76,139.0
2026-07-31 07:17:00,4076.75,4077.83,4076.38,4077.83,135.0
2026-07-31 07:18:00,4077.77,4077.97,4076.66,4077.03,152.0
2026-07-31 07:19:00,4077.08,4079.1,4076.78,4078.77,142.0
2026-07-31 07:20:00,4078.78,4078.82,4076.59,4076.63,152.0
2026-07-31 07:21:00,4076.64,4076.64,4074.6,4076.57,154.0
2026-07-31 07:22:00,4076.62,4076.83,4075.31,4075.67,129.0
2026-07-31 07:23:00,4075.68,4076.54,4075.65,4076.3,128.0
2026-07-31 07:24:00,4076.31,4076.37,4074.98,4075.01,133.0
2026-07-31 07:25:00,4075.0,4075.69,4074.51,4075.3,119.0
2026-07-31 07:26:00,4075.37,4075.99,4074.33,4074.64,142.0
2026-07-31 07:27:00,4074.63,4075.88,4074.63,4075.0,115.0
2026-07-31 07:28:00,4074.98,4075.13,4074.41,4074.79,114.0
2026-07-31 07:29:00,4074.76,4075.16,4072.12,4072.65,133.0
2026-07-31 07:30:00,4072.69,4072.92,4071.16,4071.7,163.0
2026-07-31 07:31:00,4071.68,4072.2,4071.37,4071.7,134.0
2026-07-31 07:32:00,4071.69,4071.93,4070.76,4071.24,140.0
2026-07-31 07:33:00,4071.08,4072.27,4070.93,4071.18,132.0
2026-07-31 07:34:00,4071.25,4071.27,4069.18,4069.68,153.0
2026-07-31 07:35:00,4069.71,4070.73,4069.61,4069.84,118.0
2026-07-31 07:36:00,4069.82,4070.36,4068.17,4068.69,155.0
2026-07-31 07:37:00,4068.65,4070.34,4068.41,4070.08,146.0
2026-07-31 07:38:00,4070.07,4071.82,4069.88,4071.68,160.0
2026-07-31 07:39:00,4071.62,4072.5,4071.26,4071.99,150.0
2026-07-31 07:40:00,4072.03,4073.02,4072.03,4072.77,121.0
2026-07-31 07:41:00,4072.79,4073.15,4072.58,4072.88,117.0
2026-07-31 07:42:00,4072.99,4073.17,4072.39,4072.39,111.0
2026-07-31 07:43:00,4072.48,4073.83,4072.37,4072.83,131.0
2026-07-31 07:44:00,4072.88,4073.2,4071.68,4072.17,115.0
2026-07-31 07:45:00,4072.2,4073.89,4072.07,4072.08,181.0
2026-07-31 07:46:00,4072.2,4073.08,4071.39,4072.72,127.0
2026-07-31 07:47:00,4072.77,4073.11,4072.35,4072.79,132.0
2026-07-31 07:48:00,4072.75,4074.25,4072.67,4072.98,152.0
2026-07-31 07:49:00,4072.99,4074.37,4071.35,4071.95,166.0
2026-07-31 07:50:00,4072.05,4072.49,4069.74,4070.04,162.0
2026-07-31 07:51:00,4069.94,4071.39,4069.89,4071.31,147.0
2026-07-31 07:52:00,4071.07,4071.53,4069.84,4070.42,146.0
2026-07-31 07:53:00,4070.41,4071.46,4069.72,4071.38,114.0
2026-07-31 07:54:00,4071.39,4071.64,4070.92,4071.2,98.0
2026-07-31 07:55:00,4071.16,4071.47,4070.1,4071.37,120.0
2026-07-31 07:56:00,4071.46,4071.55,4070.94,4071.04,106.0
2026-07-31 07:57:00,4071.08,4071.16,4070.08,4070.35,101.0
2026-07-31 07:58:00,4070.33,4071.64,4069.87,4071.63,134.0
2026-07-31 07:59:00,4071.65,4071.76,4067.55,4067.71,153.0
2026-07-31 08:00:00,4067.58,4067.71,4066.53,4067.07,193.0
2026-07-31 08:01:00,4066.95,4067.29,4065.68,4065.88,195.0
2026-07-31 08:02:00,4065.93,4066.56,4065.41,4065.8,153.0
2026-07-31 08:03:00,4065.81,4066.67,4064.36,4064.68,198.0
2026-07-31 08:04:00,4064.69,4064.83,4062.75,4063.39,194.0
2026-07-31 08:05:00,4063.25,4063.8,4062.86,4063.7,166.0
2026-07-31 08:06:00,4063.71,4065.28,4063.39,4063.63,162.0
2026-07-31 08:07:00,4063.42,4064.71,4063.34,4064.21,115.0
2026-07-31 08:08:00,4064.22,4064.54,4062.85,4064.32,182.0
2026-07-31 08:09:00,4064.33,4065.16,4063.7,4064.76,146.0
2026-07-31 08:10:00,4064.77,4065.32,4063.41,4063.93,146.0
2026-07-31 08:11:00,4063.88,4063.98,4062.79,4063.39,121.0
2026-07-31 08:12:00,4063.51,4063.6,4061.18,4061.21,139.0
2026-07-31 08:13:00,4061.37,4062.86,4061.32,4062.8,157.0
2026-07-31 08:14:00,4062.8,4062.92,4061.51,4062.2,132.0
2026-07-31 08:15:00,4062.18,4062.85,4061.27,4062.31,166.0
2026-07-31 08:16:00,4062.32,4062.37,4061.02,4062.34,115.0
2026-07-31 08:17:00,4062.38,4063.4,4061.98,4062.09,141.0
2026-07-31 08:18:00,4062.11,4063.11,4061.68,4063.02,127.0
2026-07-31 08:19:00,4063.02,4066.35,4062.73,4066.17,152.0
2026-07-31 08:20:00,4066.08,4067.17,4064.91,4064.95,147.0
2026-07-31 08:21:00,4064.8,4065.31,4063.26,4064.51,154.0
2026-07-31 08:22:00,4064.2,4064.2,4062.39,4063.84,155.0
2026-07-31 08:23:00,4063.52,4063.57,4061.07,4061.21,131.0
2026-07-31 08:24:00,4061.31,4062.45,4059.5,4060.34,150.0
2026-07-31 08:25:00,4060.33,4061.58,4060.04,4061.43,126.0
2026-07-31 08:26:00,4061.22,4061.43,4059.09,4059.24,157.0
2026-07-31 08:27:00,4059.17,4059.65,4058.6,4058.73,154.0
2026-07-31 08:28:00,4058.74,4059.69,4058.07,4058.75,167.0
2026-07-31 08:29:00,4058.72,4059.64,4058.26,4058.62,163.0
2026-07-31 08:30:00,4058.65,4059.22,4058.1,4058.94,124.0
2026-07-31 08:31:00,4059.05,4059.52,4056.05,4056.74,166.0
2026-07-31 08:32:00,4056.82,4058.47,4056.4,4057.23,168.0
2026-07-31 08:33:00,4057.0,4057.59,4055.92,4055.92,135.0
2026-07-31 08:34:00,4055.85,4057.47,4054.39,4057.31,178.0
2026-07-31 08:35:00,4057.32,4059.36,4057.32,4059.31,139.0
2026-07-31 08:36:00,4059.25,4059.51,4057.69,4059.44,137.0
2026-07-31 08:37:00,4059.39,4060.26,4059.17,4060.22,126.0
2026-07-31 08:38:00,4059.88,4060.16,4059.0,4059.46,127.0
2026-07-31 08:39:00,4059.4,4059.92,4059.0,4059.92,103.0
2026-07-31 08:40:00,4059.87,4060.88,4059.28,4060.73,126.0
2026-07-31 08:41:00,4060.74,4061.62,4058.49,4058.49,122.0
2026-07-31 08:42:00,4058.91,4060.13,4058.2,4059.93,109.0
2026-07-31 08:43:00,4059.94,4060.76,4059.28,4059.56,118.0
2026-07-31 08:44:00,4059.57,4059.95,4059.05,4059.35,117.0
2026-07-31 08:45:00,4059.33,4059.35,4057.9,4058.69,152.0
2026-07-31 08:46:00,4058.79,4060.69,4058.63,4060.67,112.0
2026-07-31 08:47:00,4060.72,4062.02,4060.4,4062.0,109.0
2026-07-31 08:48:00,4062.02,4062.96,4061.37,4061.38,115.0
2026-07-31 08:49:00,4061.33,4061.44,4060.25,4061.2,96.0
2026-07-31 08:50:00,4061.38,4062.29,4060.97,4061.36,107.0
2026-07-31 08:51:00,4061.39,4061.82,4061.14,4061.48,86.0
2026-07-31 08:52:00,4061.52,4062.01,4060.03,4060.03,114.0
2026-07-31 08:53:00,4060.02,4060.19,4059.31,4059.92,102.0
2026-07-31 08:54:00,4059.91,4060.15,4058.21,4058.33,128.0
2026-07-31 08:55:00,4058.35,4061.96,4058.32,4061.0,195.0
2026-07-31 08:56:00,4061.01,4063.13,4060.91,4062.48,232.0
2026-07-31 08:57:00,4062.19,4064.31,4061.84,4063.75,176.0
2026-07-31 08:58:00,4063.61,4064.31,4063.12,4063.92,154.0
2026-07-31 08:59:00,4063.66,4064.31,4060.95,4060.97,148.0
2026-07-31 09:00:00,4060.92,4063.42,4060.67,4062.96,204.0
2026-07-31 09:01:00,4062.84,4062.84,4061.23,4061.41,189.0
2026-07-31 09:02:00,4061.3,4063.98,4061.24,4062.9,181.0
2026-07-31 09:03:00,4062.89,4063.17,4061.94,4063.17,197.0
2026-07-31 09:04:00,4063.1,4063.67,4060.51,4060.58,195.0
2026-07-31 09:05:00,4060.59,4060.96,4058.81,4060.05,185.0
2026-07-31 09:06:00,4060.08,4061.96,4059.78,4061.58,184.0
2026-07-31 09:07:00,4061.57,4061.57,4059.49,4059.95,141.0
2026-07-31 09:08:00,4060.08,4061.35,4058.87,4058.89,150.0
2026-07-31 09:09:00,4058.8,4059.43,4058.12,4058.16,164.0
2026-07-31 09:10:00,4057.79,4058.03,4056.64,4057.61,153.0
2026-07-31 09:11:00,4057.63,4057.76,4056.62,4056.87,136.0
2026-07-31 09:12:00,4056.77,4057.56,4055.18,4056.96,147.0
2026-07-31 09:13:00,4056.95,4058.03,4056.84,4057.66,122.0
2026-07-31 09:14:00,4057.44,4057.47,4055.89,4056.73,131.0
2026-07-31 09:15:00,4056.78,4056.87,4055.52,4056.69,130.0
2026-07-31 09:16:00,4056.55,4057.22,4056.37,4056.6,131.0
2026-07-31 09:17:00,4056.59,4056.85,4055.23,4055.61,135.0
2026-07-31 09:18:00,4055.66,4055.84,4054.56,4055.78,126.0
2026-07-31 09:19:00,4055.74,4056.52,4054.85,4055.63,153.0
2026-07-31 09:20:00,4055.65,4057.11,4055.26,4057.1,141.0
2026-07-31 09:21:00,4057.13,4057.33,4055.73,4056.19,132.0
2026-07-31 09:22:00,4056.17,4056.17,4054.14,4054.14,145.0
2026-07-31 09:23:00,4054.15,4054.31,4052.69,4053.08,156.0
2026-07-31 09:24:00,4053.07,4053.29,4051.86,4052.7,170.0
2026-07-31 09:25:00,4052.71,4052.93,4051.7,4052.27,159.0
2026-07-31 09:26:00,4052.36,4052.43,4051.71,4052.11,154.0
2026-07-31 09:27:00,4052.12,4053.29,4052.07,4052.74,152.0
2026-07-31 09:28:00,4052.75,4053.18,4051.63,4051.64,164.0
2026-07-31 09:29:00,4051.56,4052.38,4051.34,4052.24,141.0
2026-07-31 09:30:00,4052.38,4054.44,4051.7,4053.49,161.0
2026-07-31 09:31:00,4053.32,4053.48,4051.81,4052.89,140.0
2026-07-31 09:32:00,4053.15,4054.62,4052.73,4052.86,150.0
2026-07-31 09:33:00,4052.75,4052.75,4051.32,4051.96,141.0
2026-07-31 09:34:00,4051.97,4051.99,4051.16,4051.18,111.0
2026-07-31 09:35:00,4051.25,4052.25,4050.37,4050.83,128.0
2026-07-31 09:36:00,4050.74,4050.95,4050.44,4050.95,142.0
2026-07-31 09:37:00,4050.98,4051.25,4050.67,4051.25,121.0
2026-07-31 09:38:00,4051.16,4051.16,4050.33,4050.92,139.0
2026-07-31 09:39:00,4050.77,4051.57,4050.58,4051.5,123.0
2026-07-31 09:40:00,4051.54,4052.44,4051.12,4051.8,133.0
2026-07-31 09:41:00,4051.81,4052.25,4051.36,4052.02,132.0
2026-07-31 09:42:00,4052.0,4052.56,4051.47,4052.33,103.0
2026-07-31 09:43:00,4052.34,4052.48,4051.89,4052.17,103.0
2026-07-31 09:44:00,4052.13,4053.11,4052.13,4053.1,117.0
2026-07-31 09:45:00,4053.11,4053.16,4052.29,4052.39,123.0
2026-07-31 09:46:00,4052.37,4053.67,4052.36,4053.67,144.0
2026-07-31 09:47:00,4053.64,4055.55,4053.62,4055.14,144.0
2026-07-31 09:48:00,4055.13,4055.63,4054.68,4055.56,115.0
2026-07-31 09:49:00,4055.5,4057.01,4055.46,4056.7,120.0
2026-07-31 09:50:00,4056.64,4056.87,4056.16,4056.66,126.0
2026-07-31 09:51:00,4056.67,4056.77,4056.13,4056.42,74.0
2026-07-31 09:52:00,4056.43,4056.91,4056.19,4056.49,82.0
2026-07-31 09:53:00,4056.49,4057.16,4056.09,4056.22,105.0
2026-07-31 09:54:00,4056.21,4056.69,4055.78,4055.78,114.0
2026-07-31 09:55:00,4055.79,4056.08,4054.97,4056.06,106.0
2026-07-31 09:56:00,4056.02,4056.06,4054.84,4055.28,116.0
2026-07-31 09:57:00,4055.02,4055.25,4053.95,4054.26,82.0
2026-07-31 09:58:00,4054.25,4054.42,4053.93,4054.19,138.0
2026-07-31 09:59:00,4054.18,4055.16,4054.18,4055.1,89.0
2026-07-31 10:00:00,4055.09,4055.1,4053.24,4053.39,114.0
2026-07-31 10:01:00,4053.45,4055.86,4053.4,4055.86,145.0
2026-07-31 10:02:00,4055.85,4056.35,4055.15,4055.5,118.0
2026-07-31 10:03:00,4055.54,4056.48,4055.38,4056.2,107.0
2026-07-31 10:04:00,4056.19,4056.38,4055.18,4056.23,143.0
2026-07-31 10:05:00,4056.28,4056.54,4055.88,4056.44,112.0
2026-07-31 10:06:00,4056.43,4057.57,4056.25,4056.6,98.0
2026-07-31 10:07:00,4056.59,4057.65,4056.05,4057.65,99.0
2026-07-31 10:08:00,4057.66,4058.24,4056.4,4056.4,122.0
2026-07-31 10:09:00,4056.41,4058.34,4056.41,4057.97,85.0
2026-07-31 10:10:00,4057.92,4057.94,4056.77,4056.92,107.0
2026-07-31 10:11:00,4056.86,4057.4,4056.78,4056.79,114.0
2026-07-31 10:12:00,4056.78,4056.87,4055.84,4056.84,107.0
2026-07-31 10:13:00,4056.86,4057.37,4055.76,4055.77,98.0
2026-07-31 10:14:00,4055.8,4056.36,4055.76,4055.95,102.0
2026-07-31 10:15:00,4056.02,4056.13,4055.3,4055.42,99.0
2026-07-31 10:16:00,4055.53,4055.53,4053.94,4054.79,122.0
2026-07-31 10:17:00,4054.81,4054.81,4052.66,4053.19,117.0
2026-07-31 10:18:00,4053.14,4053.76,4052.79,4053.09,92.0
2026-07-31 10:19:00,4053.12,4053.47,4052.93,4053.37,73.0
2026-07-31 10:20:00,4053.53,4053.66,4053.16,4053.26,108.0
2026-07-31 10:21:00,4053.27,4053.92,4053.07,4053.8,91.0
2026-07-31 10:22:00,4053.82,4054.99,4053.81,4054.04,98.0
2026-07-31 10:23:00,4054.04,4054.86,4053.97,4054.38,97.0
2026-07-31 10:24:00,4054.35,4054.42,4052.03,4052.1,96.0
2026-07-31 10:25:00,4052.17,4054.62,4052.17,4054.42,102.0
2026-07-31 10:26:00,4054.41,4054.62,4053.3,4053.39,93.0
2026-07-31 10:27:00,4053.38,4053.38,4052.35,4052.73,81.0
2026-07-31 10:28:00,4052.7,4053.49,4052.69,4053.11,120.0
2026-07-31 10:29:00,4053.15,4053.35,4052.82,4053.25,94.0
2026-07-31 10:30:00,4053.18,4055.83,4053.01,4055.71,116.0
2026-07-31 10:31:00,4055.68,4056.17,4055.67,4056.12,76.0
2026-07-31 10:32:00,4056.13,4056.47,4055.29,4055.41,127.0
2026-07-31 10:33:00,4055.38,4055.72,4055.17,4055.19,108.0
2026-07-31 10:34:00,4055.2,4055.29,4054.64,4055.13,101.0
2026-07-31 10:35:00,4055.16,4055.57,4054.95,4055.28,113.0
2026-07-31 10:36:00,4055.41,4056.38,4055.41,4056.28,108.0
2026-07-31 10:37:00,4056.2,4056.22,4054.55,4054.55,119.0
2026-07-31 10:38:00,4054.62,4054.83,4052.93,4053.45,131.0
2026-07-31 10:39:00,4053.46,4054.05,4053.3,4053.75,92.0
2026-07-31 10:40:00,4053.75,4054.75,4053.48,4053.65,119.0
2026-07-31 10:41:00,4053.74,4053.96,4053.18,4053.56,79.0
2026-07-31 10:42:00,4053.65,4054.38,4053.52,4054.21,60.0
2026-07-31 10:43:00,4054.21,4054.71,4053.82,4054.46,88.0
2026-07-31 10:44:00,4054.49,4055.48,4054.36,4054.77,77.0
2026-07-31 10:45:00,4054.58,4056.68,4054.57,4056.58,112.0
2026-07-31 10:46:00,4056.52,4056.69,4055.93,4056.69,88.0
2026-07-31 10:47:00,4056.65,4057.09,4056.59,4056.7,95.0
2026-07-31 10:48:00,4056.69,4056.69,4055.84,4056.32,66.0
2026-07-31 10:49:00,4056.26,4056.26,4055.55,4056.08,66.0
2026-07-31 10:50:00,4056.09,4056.18,4055.44,4055.95,83.0
2026-07-31 10:51:00,4055.91,4055.91,4054.76,4055.06,85.0
2026-07-31 10:52:00,4055.06,4055.81,4054.85,4054.85,103.0
2026-07-31 10:53:00,4054.82,4055.14,4054.3,4054.49,86.0
2026-07-31 10:54:00,4054.44,4055.08,4054.43,4054.62,77.0
2026-07-31 10:55:00,4054.62,4055.09,4054.37,4054.44,96.0
2026-07-31 10:56:00,4054.53,4055.21,4053.97,4055.21,101.0
2026-07-31 10:57:00,4055.13,4055.32,4053.97,4054.18,90.0
2026-07-31 10:58:00,4054.41,4054.63,4054.21,4054.52,76.0
2026-07-31 10:59:00,4054.5,4054.53,4053.7,4054.48,134.0
2026-07-31 11:00:00,4054.65,4054.83,4052.99,4053.87,178.0
2026-07-31 11:01:00,4053.94,4054.08,4052.31,4052.48,147.0
2026-07-31 11:02:00,4052.52,4053.37,4052.08,4053.33,120.0
2026-07-31 11:03:00,4053.47,4054.13,4053.13,4054.13,125.0
2026-07-31 11:04:00,4054.15,4055.63,4053.73,4055.57,106.0
2026-07-31 11:05:00,4055.47,4055.91,4053.83,4053.95,116.0
2026-07-31 11:06:00,4053.89,4054.63,4053.84,4054.58,96.0
2026-07-31 11:07:00,4054.6,4056.55,4054.6,4056.47,118.0
2026-07-31 11:08:00,4056.46,4057.58,4056.28,4057.51,92.0
2026-07-31 11:09:00,4057.5,4057.57,4056.65,4057.23,99.0
2026-07-31 11:10:00,4057.29,4057.85,4057.02,4057.34,91.0
2026-07-31 11:11:00,4057.3,4059.39,4057.1,4058.78,115.0
2026-07-31 11:12:00,4058.52,4058.82,4058.17,4058.66,108.0
2026-07-31 11:13:00,4058.47,4058.71,4057.31,4057.61,124.0
2026-07-31 11:14:00,4057.66,4057.66,4056.77,4057.04,99.0
2026-07-31 11:15:00,4057.1,4058.71,4055.87,4055.87,137.0
2026-07-31 11:16:00,4055.65,4056.06,4054.17,4055.67,232.0
2026-07-31 11:17:00,4055.68,4056.79,4055.59,4056.7,169.0
2026-07-31 11:18:00,4056.72,4057.93,4056.11,4057.44,140.0
2026-07-31 11:19:00,4057.53,4057.98,4056.75,4056.83,137.0
2026-07-31 11:20:00,4056.82,4057.57,4056.05,4056.51,153.0
2026-07-31 11:21:00,4056.45,4057.22,4056.29,4056.94,127.0
2026-07-31 11:22:00,4056.9,4059.26,4056.43,4059.14,104.0
2026-07-31 11:23:00,4059.13,4059.54,4058.75,4059.47,112.0
2026-07-31 11:24:00,4059.46,4061.11,4059.2,4060.75,132.0
2026-07-31 11:25:00,4060.67,4060.84,4059.43,4059.91,118.0
2026-07-31 11:26:00,4059.98,4060.4,4059.63,4059.83,121.0
2026-07-31 11:27:00,4059.8,4060.39,4059.69,4059.93,117.0
2026-07-31 11:28:00,4059.95,4060.02,4058.81,4058.86,107.0
2026-07-31 11:29:00,4058.75,4059.07,4057.67,4058.8,113.0
2026-07-31 11:30:00,4058.79,4058.79,4055.63,4056.22,136.0
2026-07-31 11:31:00,4056.15,4056.89,4054.67,4054.77,125.0
2026-07-31 11:32:00,4054.75,4055.14,4054.08,4054.55,153.0
2026-07-31 11:33:00,4054.43,4054.75,4053.47,4054.6,123.0
2026-07-31 11:34:00,4054.69,4054.82,4053.76,4054.24,127.0
2026-07-31 11:35:00,4054.3,4055.62,4054.2,4055.22,130.0
2026-07-31 11:36:00,4054.99,4055.49,4054.5,4054.63,121.0
2026-07-31 11:37:00,4054.62,4054.92,4053.95,4054.57,126.0
2026-07-31 11:38:00,4054.51,4054.72,4052.84,4053.08,105.0
2026-07-31 11:39:00,4053.24,4053.47,4052.81,4053.16,111.0
2026-07-31 11:40:00,4053.15,4053.35,4052.07,4052.07,118.0
2026-07-31 11:41:00,4051.95,4052.53,4051.78,4052.19,144.0
2026-07-31 11:42:00,4052.2,4052.22,4051.37,4051.73,150.0
2026-07-31 11:43:00,4051.74,4052.11,4050.78,4051.43,149.0
2026-07-31 11:44:00,4051.38,4052.33,4051.15,4052.08,97.0
2026-07-31 11:45:00,4052.08,4052.08,4051.29,4051.83,135.0
2026-07-31 11:46:00,4051.9,4052.94,4051.67,4052.17,132.0
2026-07-31 11:47:00,4052.12,4053.01,4052.03,4052.76,94.0
2026-07-31 11:48:00,4052.8,4053.42,4052.45,4053.2,128.0
2026-07-31 11:49:00,4053.28,4053.29,4052.2,4052.37,97.0
2026-07-31 11:50:00,4052.3,4053.22,4052.24,4052.83,118.0
2026-07-31 11:51:00,4052.8,4054.1,4052.44,4052.44,117.0
2026-07-31 11:52:00,4052.46,4053.29,4052.34,4053.05,83.0
2026-07-31 11:53:00,4053.01,4053.76,4052.85,4053.76,89.0
2026-07-31 11:54:00,4053.84,4054.95,4053.84,4054.86,105.0
2026-07-31 11:55:00,4054.81,4054.93,4054.12,4054.49,84.0
2026-07-31 11:56:00,4054.5,4055.05,4054.34,4055.04,115.0
2026-07-31 11:57:00,4055.0,4055.03,4054.26,4054.27,74.0
2026-07-31 11:58:00,4054.18,4055.44,4054.15,4054.16,120.0
2026-07-31 11:59:00,4054.17,4054.38,4053.35,4053.7,99.0
2026-07-31 12:00:00,4054.06,4054.06,4052.68,4052.9,152.0
2026-07-31 12:01:00,4053.03,4053.87,4052.51,4052.52,141.0
2026-07-31 12:02:00,4052.55,4055.2,4052.52,4054.99,148.0
2026-07-31 12:03:00,4054.93,4056.41,4054.32,4056.2,140.0
2026-07-31 12:04:00,4056.23,4057.94,4056.06,4057.94,120.0
2026-07-31 12:05:00,4057.92,4058.5,4057.58,4057.84,157.0
2026-07-31 12:06:00,4057.86,4058.73,4057.14,4058.73,134.0
2026-07-31 12:07:00,4058.7,4058.7,4057.79,4058.37,133.0
2026-07-31 12:08:00,4058.44,4059.17,4057.34,4057.35,146.0
2026-07-31 12:09:00,4057.28,4058.05,4056.55,4057.12,133.0
2026-07-31 12:10:00,4057.26,4057.59,4056.04,4056.97,143.0
2026-07-31 12:11:00,4056.82,4056.94,4055.5,4056.28,126.0
2026-07-31 12:12:00,4056.29,4057.36,4056.18,4057.36,108.0
2026-07-31 12:13:00,4057.32,4058.37,4057.32,4057.85,125.0
2026-07-31 12:14:00,4057.87,4059.33,4057.71,4059.19,129.0
2026-07-31 12:15:00,4059.18,4059.29,4055.72,4055.72,162.0
2026-07-31 12:16:00,4055.65,4056.78,4055.65,4056.43,133.0
2026-07-31 12:17:00,4056.4,4056.91,4055.96,4055.96,103.0
2026-07-31 12:18:00,4055.95,4057.0,4055.6,4056.98,129.0
2026-07-31 12:19:00,4056.8,4058.08,4056.52,4056.56,145.0
2026-07-31 12:20:00,4056.55,4058.35,4054.36,4054.53,167.0
2026-07-31 12:21:00,4054.61,4055.01,4053.09,4053.09,141.0
2026-07-31 12:22:00,4053.17,4053.29,4050.97,4051.36,152.0
2026-07-31 12:23:00,4051.39,4051.39,4049.99,4050.94,149.0
2026-07-31 12:24:00,4050.96,4051.38,4050.7,4050.91,149.0
2026-07-31 12:25:00,4050.72,4051.52,4050.26,4051.26,188.0
2026-07-31 12:26:00,4051.28,4052.2,4051.28,4051.4,126.0
2026-07-31 12:27:00,4051.53,4051.67,4050.12,4050.29,121.0
2026-07-31 12:28:00,4050.09,4050.6,4049.76,4050.17,138.0
2026-07-31 12:29:00,4050.13,4050.53,4046.95,4046.95,130.0
2026-07-31 12:30:00,4047.3,4051.51,4044.95,4050.59,211.0
2026-07-31 12:31:00,4050.49,4050.54,4048.34,4048.44,185.0
2026-07-31 12:32:00,4048.51,4049.01,4046.35,4048.68,223.0
2026-07-31 12:33:00,4048.75,4049.28,4046.94,4048.78,235.0
2026-07-31 12:34:00,4048.77,4049.17,4047.36,4048.22,195.0
2026-07-31 12:35:00,4048.23,4050.34,4047.76,4050.15,172.0
2026-07-31 12:36:00,4050.16,4051.57,4047.06,4048.23,213.0
2026-07-31 12:37:00,4048.17,4048.31,4046.03,4046.41,169.0
2026-07-31 12:38:00,4046.4,4046.49,4044.71,4045.9,189.0
2026-07-31 12:39:00,4045.96,4046.96,4044.12,4044.58,175.0
2026-07-31 12:40:00,4044.61,4045.11,4043.83,4044.1,157.0
2026-07-31 12:41:00,4044.29,4045.39,4043.68,4045.05,165.0
2026-07-31 12:42:00,4045.04,4045.44,4042.58,4042.64,170.0
2026-07-31 12:43:00,4042.65,4043.88,4042.62,4043.84,168.0
2026-07-31 12:44:00,4043.85,4044.66,4043.21,4044.64,142.0
2026-07-31 12:45:00,4044.59,4044.7,4043.1,4044.45,167.0
2026-07-31 12:46:00,4044.39,4044.71,4044.22,4044.51,119.0
2026-07-31 12:47:00,4044.63,4045.61,4043.7,4044.92,135.0
2026-07-31 12:48:00,4044.93,4045.58,4043.31,4043.39,174.0
2026-07-31 12:49:00,4043.44,4043.46,4041.52,4041.54,181.0
2026-07-31 12:50:00,4041.55,4042.59,4041.01,4041.78,164.0
2026-07-31 12:51:00,4041.83,4043.4,4041.03,4043.31,170.0
2026-07-31 12:52:00,4043.44,4043.59,4042.22,4043.42,149.0
2026-07-31 12:53:00,4043.42,4046.38,4043.37,4046.21,166.0
2026-07-31 12:54:00,4046.23,4046.4,4045.17,4045.5,166.0
2026-07-31 12:55:00,4045.42,4045.42,4044.22,4044.43,119.0
2026-07-31 12:56:00,4044.43,4044.92,4043.28,4043.31,121.0
2026-07-31 12:57:00,4043.39,4044.58,4041.18,4041.74,143.0
2026-07-31 12:58:00,4041.57,4043.0,4041.01,4041.46,181.0
2026-07-31 12:59:00,4041.49,4041.97,4040.54,4040.79,157.0
2026-07-31 13:00:00,4040.72,4041.57,4036.32,4037.81,273.0
2026-07-31 13:01:00,4037.84,4040.27,4036.5,4040.27,271.0
2026-07-31 13:02:00,4040.46,4042.05,4039.92,4041.6,256.0
2026-07-31 13:03:00,4041.69,4042.72,4040.11,4040.4,235.0
2026-07-31 13:04:00,4040.56,4041.65,4039.45,4039.59,227.0
2026-07-31 13:05:00,4040.01,4040.04,4035.45,4036.86,220.0
2026-07-31 13:06:00,4036.77,4038.09,4036.47,4037.93,214.0
2026-07-31 13:07:00,4038.2,4038.82,4036.13,4038.33,210.0
2026-07-31 13:08:00,4038.19,4038.35,4036.44,4038.0,190.0
2026-07-31 13:09:00,4038.01,4038.88,4036.1,4036.72,198.0
2026-07-31 13:10:00,4036.67,4037.98,4036.05,4037.82,176.0
2026-07-31 13:11:00,4037.81,4038.03,4035.12,4036.0,199.0
2026-07-31 13:12:00,4035.97,4037.61,4035.44,4037.09,172.0
2026-07-31 13:13:00,4037.08,4037.31,4035.49,4036.11,188.0
2026-07-31 13:14:00,4036.09,4036.33,4034.68,4036.24,182.0
2026-07-31 13:15:00,4036.19,4037.23,4035.93,4035.93,186.0
2026-07-31 13:16:00,4035.97,4036.4,4035.62,4036.16,145.0
2026-07-31 13:17:00,4036.15,4038.01,4036.15,4037.42,185.0
2026-07-31 13:18:00,4037.45,4038.31,4037.02,4037.48,168.0
2026-07-31 13:19:00,4037.47,4038.54,4037.23,4037.84,195.0
2026-07-31 13:20:00,4037.83,4038.15,4035.83,4037.52,200.0
2026-07-31 13:21:00,4037.5,4039.56,4037.48,4039.5,189.0
2026-07-31 13:22:00,4039.47,4046.92,4039.33,4043.56,269.0
2026-07-31 13:23:00,4043.42,4045.02,4042.19,4044.55,265.0
2026-07-31 13:24:00,4044.51,4045.84,4042.58,4045.4,237.0
2026-07-31 13:25:00,4045.41,4045.65,4043.62,4043.73,228.0
2026-07-31 13:26:00,4043.62,4043.62,4041.34,4042.03,210.0
2026-07-31 13:27:00,4042.02,4042.56,4040.48,4041.37,215.0
2026-07-31 13:28:00,4041.38,4043.88,4040.49,4042.91,246.0
2026-07-31 13:29:00,4042.79,4043.46,4042.26,4042.61,228.0
2026-07-31 13:30:00,4042.64,4043.87,4039.73,4039.85,267.0
2026-07-31 13:31:00,4039.62,4041.11,4036.54,4038.02,277.0
2026-07-31 13:32:00,4038.04,4039.94,4037.92,4039.16,254.0
2026-07-31 13:33:00,4038.97,4039.83,4035.87,4037.33,265.0
2026-07-31 13:34:00,4037.19,4038.92,4035.34,4035.6,251.0
2026-07-31 13:35:00,4035.45,4035.46,4032.99,4033.15,269.0
2026-07-31 13:36:00,4033.09,4034.83,4031.63,4034.55,276.0
2026-07-31 13:37:00,4034.49,4036.2,4033.63,4036.1,264.0
2026-07-31 13:38:00,4036.05,4037.06,4031.17,4032.17,251.0
2026-07-31 13:39:00,4032.19,4032.5,4027.02,4027.72,261.0
2026-07-31 13:40:00,4028.01,4029.68,4026.73,4029.42,263.0
2026-07-31 13:41:00,4029.41,4030.35,4026.69,4028.35,221.0
2026-07-31 13:42:00,4028.04,4029.83,4024.47,4025.3,238.0
2026-07-31 13:43:00,4025.29,4026.38,4022.45,4026.17,262.0
2026-07-31 13:44:00,4026.12,4026.37,4023.78,4025.04,254.0
2026-07-31 13:45:00,4025.02,4026.49,4023.98,4026.17,274.0
2026-07-31 13:46:00,4026.22,4028.41,4025.44,4026.85,264.0
2026-07-31 13:47:00,4026.81,4027.68,4025.77,4027.22,266.0
2026-07-31 13:48:00,4027.19,4027.63,4024.06,4025.66,263.0
2026-07-31 13:49:00,4025.82,4026.18,4021.99,4023.19,259.0
2026-07-31 13:50:00,4023.15,4025.86,4022.35,4025.32,270.0
2026-07-31 13:51:00,4025.3,4026.8,4022.25,4023.66,268.0
2026-07-31 13:52:00,4023.59,4026.92,4022.94,4026.01,258.0
2026-07-31 13:53:00,4026.0,4026.76,4024.97,4026.42,266.0
2026-07-31 13:54:00,4026.47,4029.14,4026.03,4028.91,274.0
2026-07-31 13:55:00,4029.1,4030.03,4028.01,4029.84,262.0
2026-07-31 13:56:00,4029.82,4031.44,4028.97,4030.94,247.0
2026-07-31 13:57:00,4030.96,4032.2,4030.28,4030.38,263.0
2026-07-31 13:58:00,4030.31,4030.52,4027.56,4027.94,235.0
2026-07-31 13:59:00,4027.92,4028.5,4025.21,4025.46,206.0
2026-07-31 14:00:00,4024.99,4029.25,4024.99,4027.51,260.0
2026-07-31 14:01:00,4027.52,4032.4,4025.95,4031.02,263.0
2026-07-31 14:02:00,4031.01,4031.83,4029.8,4031.74,263.0
2026-07-31 14:03:00,4031.65,4032.26,4030.93,4031.93,268.0
2026-07-31 14:04:00,4031.91,4031.91,4029.49,4029.79,223.0
2026-07-31 14:05:00,4029.76,4029.98,4028.37,4029.51,243.0
2026-07-31 14:06:00,4029.6,4029.99,4027.56,4028.55,257.0
2026-07-31 14:07:00,4028.56,4029.12,4023.68,4023.68,258.0
2026-07-31 14:08:00,4023.59,4024.22,4021.05,4021.83,268.0
2026-07-31 14:09:00,4021.78,4027.29,4021.78,4027.06,270.0
2026-07-31 14:10:00,4027.17,4027.99,4026.05,4026.24,270.0
2026-07-31 14:11:00,4026.33,4029.15,4025.83,4028.32,251.0
2026-07-31 14:12:00,4028.31,4031.14,4027.41,4029.84,262.0
2026-07-31 14:13:00,4029.84,4030.76,4028.65,4030.54,252.0
2026-07-31 14:14:00,4030.28,4032.46,4029.76,4032.1,269.0
2026-07-31 14:15:00,4032.09,4032.93,4029.89,4031.82,255.0
2026-07-31 14:16:00,4031.77,4033.77,4030.41,4033.77,254.0
2026-07-31 14:17:00,4033.84,4034.85,4032.97,4033.28,258.0
2026-07-31 14:18:00,4033.38,4033.93,4031.56,4033.65,249.0
2026-07-31 14:19:00,4033.75,4035.06,4032.8,4033.28,252.0
2026-07-31 14:20:00,4033.35,4035.09,4032.4,4034.21,227.0
2026-07-31 14:21:00,4034.19,4036.02,4034.13,4035.89,248.0
2026-07-31 14:22:00,4035.93,4038.63,4035.86,4036.4,218.0
2026-07-31 14:23:00,4036.43,4036.85,4035.14,4035.53,236.0
2026-07-31 14:24:00,4035.62,4035.94,4034.0,4035.26,243.0
2026-07-31 14:25:00,4035.26,4038.32,4035.23,4038.31,226.0
2026-07-31 14:26:00,4038.3,4039.97,4037.97,4039.21,242.0
2026-07-31 14:27:00,4039.29,4039.66,4038.06,4038.97,231.0
2026-07-31 14:28:00,4039.04,4040.13,4038.18,4039.31,207.0
2026-07-31 14:29:00,4039.38,4039.89,4037.72,4038.81,237.0
2026-07-31 14:30:00,4039.01,4039.67,4037.54,4037.54,233.0
2026-07-31 14:31:00,4037.6,4039.73,4037.6,4038.11,234.0
2026-07-31 14:32:00,4038.24,4038.69,4036.69,4038.55,238.0
2026-07-31 14:33:00,4038.68,4039.27,4038.17,4039.05,207.0
2026-07-31 14:34:00,4039.06,4040.76,4038.67,4040.45,238.0
2026-07-31 14:35:00,4040.44,4042.06,4040.27,4042.03,228.0
2026-07-31 14:36:00,4042.02,4042.02,4040.76,4041.44,218.0
2026-07-31 14:37:00,4041.46,4042.57,4040.73,4041.04,233.0
2026-07-31 14:38:00,4041.03,4041.73,4039.78,4039.78,211.0
2026-07-31 14:39:00,4039.8,4041.62,4039.38,4040.9,209.0
2026-07-31 14:40:00,4041.03,4042.53,4040.12,4042.52,223.0
2026-07-31 14:41:00,4042.6,4042.93,4042.27,4042.34,214.0
2026-07-31 14:42:00,4042.36,4043.04,4041.55,4041.81,217.0
2026-07-31 14:43:00,4041.77,4041.94,4040.66,4041.41,223.0
2026-07-31 14:44:00,4041.47,4041.91,4040.28,4041.45,197.0
2026-07-31 14:45:00,4041.47,4042.56,4041.05,4041.13,203.0
2026-07-31 14:46:00,4041.12,4042.72,4040.96,4041.75,211.0
2026-07-31 14:47:00,4041.82,4043.03,4041.66,4041.75,214.0
2026-07-31 14:48:00,4041.74,4042.95,4041.46,4042.92,189.0
2026-07-31 14:49:00,4042.98,4045.52,4042.62,4044.02,225.0
2026-07-31 14:50:00,4044.01,4044.62,4042.85,4044.28,247.0
2026-07-31 14:51:00,4044.22,4045.99,4044.03,4045.57,236.0
2026-07-31 14:52:00,4045.64,4046.3,4045.06,4045.65,215.0
2026-07-31 14:53:00,4045.66,4048.91,4045.66,4048.39,241.0
2026-07-31 14:54:00,4048.36,4048.6,4046.25,4046.33,208.0
2026-07-31 14:55:00,4046.32,4047.04,4046.09,4046.2,213.0
2026-07-31 14:56:00,4046.08,4048.13,4044.96,4046.48,225.0
2026-07-31 14:57:00,4046.42,4049.03,4045.95,4048.5,233.0
2026-07-31 14:58:00,4048.45,4050.26,4048.36,4049.93,225.0
2026-07-31 14:59:00,4049.9,4049.9,4048.62,4049.23,201.0
2026-07-31 15:00:00,4049.48,4050.72,4048.05,4048.07,221.0
2026-07-31 15:01:00,4048.09,4048.6,4047.44,4048.13,229.0
2026-07-31 15:02:00,4047.98,4048.93,4045.45,4048.32,228.0
2026-07-31 15:03:00,4048.43,4049.52,4044.55,4045.0,248.0
2026-07-31 15:04:00,4044.96,4046.37,4044.89,4045.07,184.0
2026-07-31 15:05:00,4044.97,4046.48,4044.47,4044.69,180.0
2026-07-31 15:06:00,4044.9,4046.05,4044.58,4044.98,193.0
2026-07-31 15:07:00,4045.01,4046.96,4044.51,4046.42,174.0
2026-07-31 15:08:00,4046.42,4049.26,4046.42,4047.05,245.0
2026-07-31 15:09:00,4047.37,4047.56,4045.72,4045.77,223.0
2026-07-31 15:10:00,4045.88,4046.19,4044.56,4045.36,239.0
2026-07-31 15:11:00,4045.46,4046.1,4043.22,4043.4,234.0
2026-07-31 15:12:00,4043.35,4044.59,4042.74,4044.47,234.0
2026-07-31 15:13:00,4044.57,4046.63,4044.52,4045.85,209.0
2026-07-31 15:14:00,4045.84,4047.46,4045.12,4047.01,215.0
2026-07-31 15:15:00,4046.91,4052.56,4046.64,4048.86,259.0
2026-07-31 15:16:00,4048.99,4050.51,4048.33,4048.35,258.0
2026-07-31 15:17:00,4048.33,4048.37,4042.38,4043.08,251.0
2026-07-31 15:18:00,4043.31,4046.29,4043.22,4044.27,207.0
2026-07-31 15:19:00,4044.29,4045.39,4044.29,4045.29,188.0
2026-07-31 15:20:00,4045.39,4045.93,4043.31,4043.6,215.0
2026-07-31 15:21:00,4043.55,4044.11,4042.18,4043.77,237.0
2026-07-31 15:22:00,4043.76,4043.93,4042.82,4043.65,221.0
2026-07-31 15:23:00,4043.66,4043.97,4042.75,4043.28,227.0
2026-07-31 15:24:00,4043.36,4044.16,4042.18,4042.82,217.0
2026-07-31 15:25:00,4042.85,4044.28,4042.85,4044.06,209.0
2026-07-31 15:26:00,4044.07,4044.7,4042.76,4043.03,218.0
2026-07-31 15:27:00,4042.9,4043.98,4042.19,4042.25,222.0
2026-07-31 15:28:00,4042.32,4042.5,4041.56,4041.88,205.0
2026-07-31 15:29:00,4041.93,4042.41,4040.16,4041.16,225.0
2026-07-31 15:30:00,4041.2,4042.26,4039.82,4040.24,199.0
2026-07-31 15:31:00,4040.23,4041.34,4039.3,4039.39,205.0
2026-07-31 15:32:00,4039.3,4039.64,4038.58,4039.28,217.0
2026-07-31 15:33:00,4038.99,4039.13,4037.24,4038.38,203.0
2026-07-31 15:34:00,4038.36,4038.92,4036.69,4038.61,210.0
2026-07-31 15:35:00,4038.68,4039.18,4037.32,4039.02,222.0
2026-07-31 15:36:00,4039.03,4039.52,4038.39,4038.85,195.0
2026-07-31 15:37:00,4038.8,4040.47,4038.8,4040.45,175.0
2026-07-31 15:38:00,4040.38,4042.87,4039.76,4041.93,191.0
2026-07-31 15:39:00,4041.99,4043.16,4041.87,4042.24,192.0
2026-07-31 15:40:00,4042.38,4043.58,4042.34,4042.78,187.0
2026-07-31 15:41:00,4042.84,4042.87,4041.43,4042.33,212.0
2026-07-31 15:42:00,4042.34,4042.43,4040.78,4041.42,207.0
2026-07-31 15:43:00,4041.44,4041.91,4040.66,4041.68,194.0
2026-07-31 15:44:00,4041.65,4042.61,4041.23,4042.2,165.0
2026-07-31 15:45:00,4042.19,4042.5,4041.4,4042.22,182.0
2026-07-31 15:46:00,4042.13,4042.88,4040.66,4042.53,218.0
2026-07-31 15:47:00,4042.63,4042.79,4040.75,4041.04,216.0
2026-07-31 15:48:00,4041.15,4041.97,4040.8,4041.7,215.0
2026-07-31 15:49:00,4041.62,4041.92,4040.01,4040.36,196.0
2026-07-31 15:50:00,4040.31,4042.86,4039.8,4042.57,218.0
2026-07-31 15:51:00,4042.58,4045.1,4041.87,4044.82,220.0
2026-07-31 15:52:00,4044.95,4046.18,4043.41,4045.87,202.0
2026-07-31 15:53:00,4045.86,4046.16,4044.41,4044.59,211.0
2026-07-31 15:54:00,4044.61,4045.66,4044.31,4045.47,189.0
2026-07-31 15:55:00,4045.44,4046.81,4045.15,4046.15,216.0
2026-07-31 15:56:00,4046.06,4046.63,4045.01,4045.09,202.0
2026-07-31 15:57:00,4045.04,4046.02,4044.9,4045.53,189.0
2026-07-31 15:58:00,4045.6,4046.41,4044.91,4045.21,180.0
2026-07-31 15:59:00,4045.25,4046.18,4045.15,4045.57,205.0
2026-07-31 16:00:00,4045.56,4046.21,4043.99,4044.57,182.0
2026-07-31 16:01:00,4044.48,4045.62,4043.58,4044.27,196.0
2026-07-31 16:02:00,4044.31,4044.6,4043.54,4043.73,185.0
2026-07-31 16:03:00,4043.78,4045.13,4043.69,4044.95,165.0
2026-07-31 16:04:00,4044.99,4045.18,4043.92,4044.12,150.0
2026-07-31 16:05:00,4044.07,4044.21,4042.9,4042.94,173.0
2026-07-31 16:06:00,4042.92,4043.1,4041.33,4042.3,177.0
2026-07-31 16:07:00,4042.18,4043.1,4042.06,4042.71,151.0
2026-07-31 16:08:00,4042.67,4043.26,4042.03,4043.06,133.0
2026-07-31 16:09:00,4043.01,4044.63,4043.0,4044.08,180.0
2026-07-31 16:10:00,4044.05,4045.32,4043.77,4044.24,201.0
2026-07-31 16:11:00,4044.23,4046.54,4044.23,4046.31,208.0
2026-07-31 16:12:00,4046.3,4046.31,4044.8,4045.1,187.0
2026-07-31 16:13:00,4045.13,4046.71,4045.09,4046.38,157.0
2026-07-31 16:14:00,4046.45,4046.88,4045.59,4046.3,168.0
2026-07-31 16:15:00,4046.33,4046.67,4043.94,4043.99,181.0
2026-07-31 16:16:00,4044.14,4044.44,4043.15,4044.39,189.0
2026-07-31 16:17:00,4044.35,4045.69,4043.88,4045.5,187.0
2026-07-31 16:18:00,4045.51,4045.67,4044.61,4044.91,171.0
2026-07-31 16:19:00,4045.01,4046.06,4044.62,4045.16,151.0
2026-07-31 16:20:00,4045.1,4046.43,4045.1,4045.53,184.0
2026-07-31 16:21:00,4045.56,4046.58,4045.1,4046.34,173.0
2026-07-31 16:22:00,4046.33,4046.81,4045.63,4046.18,170.0
2026-07-31 16:23:00,4046.15,4046.59,4045.65,4045.9,167.0
2026-07-31 16:24:00,4045.94,4047.66,4045.91,4046.17,188.0
2026-07-31 16:25:00,4046.16,4046.17,4044.45,4045.11,172.0
2026-07-31 16:26:00,4045.14,4047.41,4045.13,4047.25,189.0
2026-07-31 16:27:00,4047.26,4048.41,4046.49,4046.59,189.0
2026-07-31 16:28:00,4046.54,4047.01,4046.19,4046.96,123.0
2026-07-31 16:29:00,4047.01,4047.91,4046.94,4047.5,132.0
2026-07-31 16:30:00,4047.53,4048.01,4047.09,4047.47,139.0
2026-07-31 16:31:00,4047.37,4049.02,4047.17,4048.76,160.0
2026-07-31 16:32:00,4048.87,4049.37,4048.49,4048.56,170.0
2026-07-31 16:33:00,4048.57,4049.46,4048.53,4049.32,148.0
2026-07-31 16:34:00,4049.3,4049.49,4049.09,4049.11,113.0
2026-07-31 16:35:00,4049.03,4049.51,4048.86,4049.33,148.0
2026-07-31 16:36:00,4049.32,4049.94,4048.61,4048.61,158.0
2026-07-31 16:37:00,4048.65,4048.99,4048.09,4048.83,155.0
2026-07-31 16:38:00,4048.84,4049.18,4047.76,4048.15,123.0
2026-07-31 16:39:00,4048.19,4048.52,4046.76,4046.76,145.0
2026-07-31 16:40:00,4046.79,4047.45,4045.9,4046.09,169.0
2026-07-31 16:41:00,4046.1,4046.1,4043.35,4043.35,180.0
2026-07-31 16:42:00,4043.34,4043.36,4042.72,4043.29,147.0
2026-07-31 16:43:00,4043.27,4043.35,4042.02,4042.07,161.0
2026-07-31 16:44:00,4042.25,4043.06,4041.28,4042.51,167.0
2026-07-31 16:45:00,4042.43,4043.65,4042.17,4043.12,173.0
2026-07-31 16:46:00,4043.14,4044.05,4042.68,4044.03,157.0
2026-07-31 16:47:00,4044.15,4044.58,4043.25,4043.39,149.0
2026-07-31 16:48:00,4043.41,4043.77,4043.19,4043.26,119.0
2026-07-31 16:49:00,4043.25,4044.08,4042.84,4043.92,106.0
2026-07-31 16:50:00,4043.88,4044.96,4043.88,4044.63,146.0
2026-07-31 16:51:00,4044.6,4045.07,4044.42,4044.81,151.0
2026-07-31 16:52:00,4044.82,4044.9,4044.26,4044.45,126.0
2026-07-31 16:53:00,4044.54,4044.64,4044.12,4044.57,99.0
2026-07-31 16:54:00,4044.67,4045.09,4043.22,4043.54,114.0
2026-07-31 16:55:00,4043.52,4043.9,4042.18,4043.05,135.0
2026-07-31 16:56:00,4043.0,4043.11,4042.5,4042.91,144.0
2026-07-31 16:57:00,4042.9,4043.58,4042.79,4043.51,95.0
2026-07-31 16:58:00,4043.43,4043.65,4043.03,4043.38,87.0
2026-07-31 16:59:00,4043.38,4043.9,4043.29,4043.37,113.0
2026-07-31 17:00:00,4043.34,4043.97,4043.27,4043.49,142.0
2026-07-31 17:01:00,4043.54,4044.97,4043.01,4044.97,137.0
2026-07-31 17:02:00,4045.21,4045.62,4044.8,4044.81,121.0
2026-07-31 17:03:00,4044.94,4045.13,4043.91,4044.05,95.0
2026-07-31 17:04:00,4044.04,4044.22,4042.46,4042.9,143.0
2026-07-31 17:05:00,4042.85,4044.38,4042.72,4044.28,106.0
2026-07-31 17:06:00,4044.27,4044.27,4043.34,4043.72,106.0
2026-07-31 17:07:00,4043.73,4043.87,4042.45,4042.6,111.0
2026-07-31 17:08:00,4042.69,4043.26,4042.54,4042.98,105.0
2026-07-31 17:09:00,4042.97,4043.18,4041.93,4042.03,105.0
2026-07-31 17:10:00,4041.95,4042.65,4041.65,4041.91,104.0
2026-07-31 17:11:00,4041.92,4042.26,4041.59,4042.24,108.0
2026-07-31 17:12:00,4042.53,4042.65,4041.79,4042.41,134.0
2026-07-31 17:13:00,4042.69,4043.38,4042.2,4042.69,91.0
2026-07-31 17:14:00,4042.7,4046.4,4042.55,4045.58,147.0
2026-07-31 17:15:00,4045.56,4045.86,4044.82,4045.65,114.0
2026-07-31 17:16:00,4045.72,4046.35,4045.72,4045.99,123.0
2026-07-31 17:17:00,4045.98,4046.6,4045.66,4046.6,133.0
2026-07-31 17:18:00,4046.54,4046.74,4045.67,4046.0,102.0
2026-07-31 17:19:00,4046.03,4047.28,4045.88,4046.78,103.0
2026-07-31 17:20:00,4046.86,4046.87,4045.7,4046.19,111.0
2026-07-31 17:21:00,4046.24,4046.39,4045.43,4045.95,85.0
2026-07-31 17:22:00,4045.73,4046.1,4045.33,4045.4,92.0
2026-07-31 17:23:00,4045.39,4046.38,4045.09,4046.15,125.0
2026-07-31 17:24:00,4046.14,4048.6,4046.14,4047.75,185.0
2026-07-31 17:25:00,4047.73,4048.07,4046.54,4046.54,178.0
2026-07-31 17:26:00,4046.68,4046.68,4045.21,4045.99,162.0
2026-07-31 17:27:00,4046.0,4047.11,4045.76,4046.78,207.0
2026-07-31 17:28:00,4046.74,4049.61,4046.59,4049.49,191.0
2026-07-31 17:29:00,4049.37,4053.35,4048.61,4050.44,269.0
2026-07-31 17:30:00,4050.45,4052.53,4049.36,4051.46,233.0
2026-07-31 17:31:00,4051.45,4052.31,4050.92,4052.27,177.0
2026-07-31 17:32:00,4052.35,4053.28,4052.07,4053.08,183.0
2026-07-31 17:33:00,4053.1,4053.1,4051.78,4052.22,181.0
2026-07-31 17:34:00,4052.19,4052.41,4047.94,4047.94,174.0
2026-07-31 17:35:00,4048.03,4050.34,4047.72,4050.15,180.0
2026-07-31 17:36:00,4050.13,4050.83,4049.37,4050.67,156.0
2026-07-31 17:37:00,4050.59,4050.89,4050.27,4050.77,157.0
2026-07-31 17:38:00,4050.78,4051.49,4049.17,4049.74,158.0
2026-07-31 17:39:00,4049.69,4050.75,4049.47,4050.15,152.0
2026-07-31 17:40:00,4050.09,4051.69,4050.09,4051.65,123.0
2026-07-31 17:41:00,4051.71,4052.26,4050.42,4050.94,125.0
2026-07-31 17:42:00,4051.01,4051.09,4049.85,4050.22,160.0
2026-07-31 17:43:00,4050.19,4051.88,4050.06,4051.56,124.0
2026-07-31 17:44:00,4051.29,4051.94,4051.07,4051.94,131.0
2026-07-31 17:45:00,4051.91,4052.95,4050.27,4051.05,192.0
2026-07-31 17:46:00,4051.11,4053.87,4051.02,4053.04,210.0
2026-07-31 17:47:00,4053.05,4054.02,4052.39,4052.6,172.0
2026-07-31 17:48:00,4052.66,4054.71,4051.12,4053.44,214.0
2026-07-31 17:49:00,4053.25,4053.57,4051.93,4052.5,201.0
2026-07-31 17:50:00,4052.4,4053.61,4052.14,4053.06,192.0
2026-07-31 17:51:00,4053.07,4054.58,4052.93,4054.26,170.0
2026-07-31 17:52:00,4054.27,4054.73,4053.58,4053.91,188.0
2026-07-31 17:53:00,4054.0,4054.28,4053.42,4053.98,153.0
2026-07-31 17:54:00,4053.95,4054.1,4052.65,4052.84,204.0
2026-07-31 17:55:00,4052.77,4053.17,4052.54,4052.85,148.0
2026-07-31 17:56:00,4052.83,4054.35,4052.83,4054.15,158.0
2026-07-31 17:57:00,4054.02,4054.02,4053.41,4053.87,147.0
2026-07-31 17:58:00,4053.83,4053.85,4053.31,4053.44,148.0
2026-07-31 17:59:00,4053.43,4053.88,4053.08,4053.7,191.0
2026-07-31 18:00:00,4053.77,4055.21,4053.35,4054.24,206.0
2026-07-31 18:01:00,4054.15,4054.99,4053.63,4054.2,172.0
2026-07-31 18:02:00,4054.22,4054.26,4052.58,4053.89,171.0
2026-07-31 18:03:00,4053.88,4054.35,4052.93,4052.94,156.0
2026-07-31 18:04:00,4052.97,4053.11,4052.13,4052.43,174.0
2026-07-31 18:05:00,4052.37,4052.48,4051.48,4051.64,190.0
2026-07-31 18:06:00,4051.63,4052.33,4051.63,4051.97,211.0
2026-07-31 18:07:00,4051.88,4052.36,4051.2,4051.38,179.0
2026-07-31 18:08:00,4051.4,4052.51,4051.35,4051.51,154.0
2026-07-31 18:09:00,4051.47,4051.63,4049.84,4051.48,179.0
2026-07-31 18:10:00,4051.34,4051.49,4049.27,4049.44,152.0
2026-07-31 18:11:00,4049.53,4049.53,4048.22,4048.24,167.0
2026-07-31 18:12:00,4048.29,4048.96,4048.07,4048.93,140.0
2026-07-31 18:13:00,4048.94,4049.18,4047.19,4048.02,137.0
2026-07-31 18:14:00,4047.97,4048.59,4047.11,4048.07,140.0
2026-07-31 18:15:00,4048.18,4048.81,4047.71,4048.18,173.0
2026-07-31 18:16:00,4048.14,4050.1,4047.83,4049.71,156.0
2026-07-31 18:17:00,4049.72,4050.51,4049.34,4050.19,115.0
2026-07-31 18:18:00,4050.23,4050.63,4049.94,4050.05,122.0
2026-07-31 18:19:00,4050.04,4050.56,4049.55,4049.87,128.0
2026-07-31 18:20:00,4049.92,4050.6,4049.85,4050.1,121.0
2026-07-31 18:21:00,4050.17,4050.17,4049.37,4049.85,123.0
2026-07-31 18:22:00,4049.63,4050.47,4049.38,4050.46,116.0
2026-07-31 18:23:00,4050.46,4050.79,4050.01,4050.59,114.0
2026-07-31 18:24:00,4050.57,4051.46,4050.51,4051.45,113.0
2026-07-31 18:25:00,4051.43,4051.72,4050.55,4050.75,134.0
2026-07-31 18:26:00,4050.81,4050.99,4050.14,4050.63,100.0
2026-07-31 18:27:00,4050.73,4050.93,4050.09,4050.47,124.0
2026-07-31 18:28:00,4050.41,4050.91,4050.24,4050.52,158.0
2026-07-31 18:29:00,4050.49,4051.23,4050.28,4051.09,129.0
2026-07-31 18:30:00,4050.95,4051.42,4050.4,4050.54,118.0
2026-07-31 18:31:00,4050.57,4050.7,4049.58,4050.32,104.0
2026-07-31 18:32:00,4050.46,4050.56,4049.53,4049.88,99.0
2026-07-31 18:33:00,4049.84,4050.1,4049.28,4049.68,99.0
2026-07-31 18:34:00,4049.6,4049.78,4049.21,4049.22,87.0
2026-07-31 18:35:00,4049.19,4049.19,4047.98,4048.23,107.0
2026-07-31 18:36:00,4048.34,4050.21,4048.34,4049.98,103.0
2026-07-31 18:37:00,4049.95,4050.16,4049.49,4049.75,75.0
2026-07-31 18:38:00,4049.79,4050.75,4049.75,4050.61,77.0
2026-07-31 18:39:00,4050.64,4051.71,4050.61,4050.8,84.0
2026-07-31 18:40:00,4050.9,4050.9,4049.86,4050.36,95.0
2026-07-31 18:41:00,4050.56,4051.42,4050.2,4050.82,114.0
2026-07-31 18:42:00,4050.83,4051.22,4050.69,4050.97,86.0
2026-07-31 18:43:00,4051.01,4051.08,4050.68,4050.83,47.0
2026-07-31 18:44:00,4050.91,4051.01,4049.46,4049.49,86.0
2026-07-31 18:45:00,4049.48,4049.62,4049.02,4049.27,121.0
2026-07-31 18:46:00,4049.45,4049.53,4048.18,4048.2,136.0
2026-07-31 18:47:00,4048.19,4048.7,4048.19,4048.67,99.0
2026-07-31 18:48:00,4048.66,4049.79,4048.54,4049.79,92.0
2026-07-31 18:49:00,4049.78,4050.08,4049.4,4049.94,90.0
2026-07-31 18:50:00,4049.9,4051.61,4049.9,4051.39,104.0
2026-07-31 18:51:00,4051.42,4051.56,4050.5,4051.03,86.0
2026-07-31 18:52:00,4051.08,4051.08,4049.98,4050.0,96.0
2026-07-31 18:53:00,4050.06,4050.74,4049.98,4050.43,55.0
2026-07-31 18:54:00,4050.42,4050.49,4050.1,4050.18,101.0
2026-07-31 18:55:00,4050.13,4051.15,4050.11,4050.34,93.0
2026-07-31 18:56:00,4050.29,4050.58,4050.09,4050.29,96.0
2026-07-31 18:57:00,4050.27,4050.46,4049.4,4049.72,111.0
2026-07-31 18:58:00,4049.93,4050.16,4049.5,4050.1,111.0
2026-07-31 18:59:00,4050.11,4050.82,4050.1,4050.77,120.0
2026-07-31 19:00:00,4050.76,4052.91,4050.76,4051.98,170.0
2026-07-31 19:01:00,4051.94,4051.96,4049.21,4049.35,116.0
2026-07-31 19:02:00,4049.36,4050.03,4049.19,4049.19,107.0
2026-07-31 19:03:00,4049.2,4049.47,4048.73,4049.26,105.0
2026-07-31 19:04:00,4049.11,4049.53,4048.86,4049.14,102.0
2026-07-31 19:05:00,4049.15,4049.16,4048.67,4048.72,104.0
2026-07-31 19:06:00,4048.8,4049.41,4048.66,4049.05,98.0
2026-07-31 19:07:00,4049.01,4049.35,4048.27,4049.01,103.0
2026-07-31 19:08:00,4049.14,4049.5,4048.96,4049.43,92.0
2026-07-31 19:09:00,4049.39,4049.68,4049.26,4049.56,83.0
2026-07-31 19:10:00,4049.55,4050.04,4048.8,4048.89,93.0
2026-07-31 19:11:00,4048.85,4048.88,4047.28,4047.28,101.0
2026-07-31 19:12:00,4047.32,4048.23,4046.92,4047.97,103.0
2026-07-31 19:13:00,4047.89,4048.07,4047.59,4047.78,57.0
2026-07-31 19:14:00,4047.71,4048.11,4047.67,4048.05,41.0
2026-07-31 19:15:00,4048.02,4048.07,4047.16,4047.51,77.0
2026-07-31 19:16:00,4047.66,4047.96,4047.23,4047.55,83.0
2026-07-31 19:17:00,4047.61,4048.42,4047.31,4047.6,100.0
2026-07-31 19:18:00,4047.61,4048.27,4047.58,4047.85,113.0
2026-07-31 19:19:00,4047.81,4049.07,4047.81,4048.95,96.0
2026-07-31 19:20:00,4048.93,4049.01,4048.3,4048.3,102.0
2026-07-31 19:21:00,4048.42,4048.98,4047.92,4048.89,125.0
2026-07-31 19:22:00,4048.97,4049.78,4048.77,4048.92,115.0
2026-07-31 19:23:00,4048.86,4049.29,4048.86,4048.94,94.0
2026-07-31 19:24:00,4048.97,4049.4,4048.91,4049.13,86.0
2026-07-31 19:25:00,4049.12,4049.34,4048.92,4049.25,92.0
2026-07-31 19:26:00,4049.26,4049.94,4049.09,4049.64,82.0
2026-07-31 19:27:00,4049.61,4050.56,4049.61,4050.04,102.0
2026-07-31 19:28:00,4050.07,4050.07,4049.66,4049.68,64.0
2026-07-31 19:29:00,4049.63,4050.55,4049.63,4050.53,93.0
2026-07-31 19:30:00,4050.51,4051.07,4049.73,4050.04,118.0
2026-07-31 19:31:00,4050.05,4050.05,4049.15,4049.18,71.0
2026-07-31 19:32:00,4049.22,4050.11,4048.99,4049.29,104.0
2026-07-31 19:33:00,4049.26,4050.15,4049.0,4049.98,109.0
2026-07-31 19:34:00,4049.9,4051.34,4049.85,4050.31,121.0
2026-07-31 19:35:00,4050.3,4051.3,4050.29,4051.28,86.0
2026-07-31 19:36:00,4051.2,4051.47,4050.88,4051.32,81.0
2026-07-31 19:37:00,4051.34,4051.41,4050.81,4050.9,90.0
2026-07-31 19:38:00,4050.99,4050.99,4050.09,4050.27,103.0
2026-07-31 19:39:00,4050.22,4050.42,4049.67,4049.92,79.0
2026-07-31 19:40:00,4049.84,4050.31,4049.67,4050.23,96.0
2026-07-31 19:41:00,4050.28,4050.79,4050.03,4050.68,105.0
2026-07-31 19:42:00,4050.58,4050.93,4050.25,4050.92,85.0
2026-07-31 19:43:00,4050.91,4053.13,4050.61,4053.1,106.0
2026-07-31 19:44:00,4053.27,4054.61,4052.94,4054.14,140.0
2026-07-31 19:45:00,4053.94,4055.52,4053.77,4055.18,134.0
2026-07-31 19:46:00,4055.24,4055.54,4054.79,4054.87,115.0
2026-07-31 19:47:00,4054.93,4055.15,4053.64,4053.73,164.0
2026-07-31 19:48:00,4053.7,4054.47,4053.34,4054.47,127.0
2026-07-31 19:49:00,4054.35,4055.14,4054.21,4054.88,134.0
2026-07-31 19:50:00,4054.72,4054.8,4052.6,4052.89,204.0
2026-07-31 19:51:00,4052.86,4052.96,4051.88,4052.5,158.0
2026-07-31 19:52:00,4052.53,4052.56,4050.91,4051.26,187.0
2026-07-31 19:53:00,4051.25,4052.83,4051.17,4052.37,171.0
2026-07-31 19:54:00,4052.3,4052.74,4050.9,4051.05,192.0
2026-07-31 19:55:00,4051.12,4052.52,4050.57,4050.6,231.0
2026-07-31 19:56:00,4050.59,4051.19,4050.13,4051.18,187.0
2026-07-31 19:57:00,4051.14,4052.49,4051.01,4051.95,178.0
2026-07-31 19:58:00,4052.01,4052.54,4051.73,4052.03,183.0
2026-07-31 19:59:00,4052.1,4052.47,4050.73,4051.01,231.0
2026-07-31 20:00:00,4050.91,4051.64,4050.32,4051.62,205.0
2026-07-31 20:01:00,4051.63,4051.75,4050.29,4050.41,156.0
2026-07-31 20:02:00,4050.45,4050.52,4049.81,4049.96,166.0
2026-07-31 20:03:00,4050.04,4050.55,4048.85,4049.07,109.0
2026-07-31 20:04:00,4048.88,4049.38,4048.67,4048.68,101.0
2026-07-31 20:05:00,4048.69,4048.69,4046.72,4047.0,123.0
2026-07-31 20:06:00,4047.03,4047.19,4046.07,4046.15,125.0
2026-07-31 20:07:00,4046.05,4046.35,4045.23,4045.58,122.0
2026-07-31 20:08:00,4045.47,4047.21,4045.43,4046.55,126.0
2026-07-31 20:09:00,4046.54,4047.34,4046.22,4047.13,139.0
2026-07-31 20:10:00,4046.94,4048.02,4046.54,4046.72,143.0
2026-07-31 20:11:00,4046.71,4047.27,4046.54,4047.1,83.0
2026-07-31 20:12:00,4047.09,4047.2,4046.59,4046.67,76.0
2026-07-31 20:13:00,4046.73,4047.3,4046.73,4047.26,79.0
2026-07-31 20:14:00,4047.15,4047.87,4047.02,4047.77,113.0
2026-07-31 20:15:00,4047.88,4047.88,4046.4,4046.55,139.0
2026-07-31 20:16:00,4046.53,4047.23,4046.5,4046.75,137.0
2026-07-31 20:17:00,4046.74,4048.09,4046.73,4047.33,124.0
2026-07-31 20:18:00,4047.32,4048.5,4047.31,4048.25,106.0
2026-07-31 20:19:00,4048.23,4048.37,4047.78,4048.05,130.0
2026-07-31 20:20:00,4048.04,4048.43,4047.8,4048.32,102.0
2026-07-31 20:21:00,4048.28,4048.46,4047.67,4047.82,107.0
2026-07-31 20:22:00,4047.84,4048.41,4047.6,4047.78,99.0
2026-07-31 20:23:00,4047.76,4048.34,4047.72,4048.34,112.0
2026-07-31 20:24:00,4048.35,4048.96,4047.6,4047.98,105.0
2026-07-31 20:25:00,4047.94,4048.06,4047.46,4047.6,93.0
2026-07-31 20:26:00,4047.42,4047.63,4047.07,4047.24,121.0
2026-07-31 20:27:00,4047.19,4047.46,4046.97,4047.09,58.0
2026-07-31 20:28:00,4047.08,4047.56,4046.6,4047.39,91.0
2026-07-31 20:29:00,4047.4,4048.16,4047.03,4048.13,91.0
2026-07-31 20:30:00,4047.96,4049.15,4047.28,4048.85,88.0
2026-07-31 20:31:00,4048.83,4049.79,4048.46,4049.4,94.0
2026-07-31 20:32:00,4049.37,4049.8,4049.2,4049.57,61.0
2026-07-31 20:33:00,4049.55,4051.08,4049.55,4050.19,98.0
2026-07-31 20:34:00,4050.21,4050.67,4049.71,4050.59,91.0
2026-07-31 20:35:00,4050.64,4052.04,4050.63,4051.93,98.0
2026-07-31 20:36:00,4052.12,4053.04,4051.61,4051.67,119.0
2026-07-31 20:37:00,4051.71,4051.77,4051.09,4051.77,82.0
2026-07-31 20:38:00,4051.8,4052.18,4051.37,4051.37,72.0
2026-07-31 20:39:00,4051.4,4051.72,4050.91,4051.2,91.0
2026-07-31 20:40:00,4051.16,4051.58,4050.72,4051.36,89.0
2026-07-31 20:41:00,4051.35,4052.22,4051.31,4052.11,81.0
2026-07-31 20:42:00,4052.06,4052.16,4051.12,4051.56,50.0
2026-07-31 20:43:00,4051.69,4052.09,4051.17,4051.61,93.0
2026-07-31 20:44:00,4051.56,4051.67,4050.6,4051.21,94.0
2026-07-31 20:45:00,4051.53,4052.25,4051.12,4051.22,104.0
2026-07-31 20:46:00,4051.27,4052.01,4051.03,4051.56,68.0
2026-07-31 20:47:00,4051.57,4052.07,4051.31,4051.58,75.0
2026-07-31 20:48:00,4051.63,4052.04,4050.73,4051.79,103.0
2026-07-31 20:49:00,4051.89,4051.98,4051.3,4051.4,96.0
2026-07-31 20:50:00,4051.38,4052.03,4050.94,4051.86,110.0
2026-07-31 20:51:00,4051.87,4052.06,4050.89,4051.62,118.0
2026-07-31 20:52:00,4051.63,4051.84,4051.16,4051.84,88.0
2026-07-31 20:53:00,4051.94,4051.95,4045.17,4048.05,251.0
2026-07-31 20:54:00,4048.07,4048.71,4044.46,4046.7,252.0
2026-07-31 20:55:00,4046.58,4046.62,4045.09,4045.61,191.0
2026-07-31 20:56:00,4045.57,4046.93,4043.53,4043.77,177.0
2026-07-31 20:57:00,4043.77,4045.16,4042.27,4044.07,217.0
2026-07-31 20:58:00,4043.8,4045.56,4043.46,4044.33,188.0
2026-07-31 20:59:00,4044.36,4045.42,4040.97,4041.84,192.0
2026-08-02 22:00:00,4073.43,4083.03,4070.19,4073.79,264.0
2026-08-02 22:01:00,4073.65,4075.69,4070.12,4071.86,201.0
2026-08-02 22:02:00,4072.49,4077.74,4068.48,4075.72,197.0
2026-08-02 22:03:00,4075.93,4079.84,4074.67,4077.8,172.0
2026-08-02 22:04:00,4077.79,4078.53,4074.39,4075.39,144.0
2026-08-02 22:05:00,4075.38,4077.74,4071.53,4077.74,143.0
2026-08-02 22:06:00,4077.73,4077.73,4075.82,4076.43,144.0
2026-08-02 22:07:00,4076.38,4077.8,4075.34,4075.34,131.0
2026-08-02 22:08:00,4075.42,4076.2,4073.83,4073.83,123.0
2026-08-02 22:09:00,4073.84,4075.97,4073.84,4075.19,147.0
2026-08-02 22:10:00,4075.15,4075.93,4074.06,4075.2,129.0
2026-08-02 22:11:00,4075.08,4077.66,4074.42,4077.39,173.0
2026-08-02 22:12:00,4077.38,4077.72,4076.56,4077.26,150.0
2026-08-02 22:13:00,4077.09,4078.6,4076.78,4078.27,162.0
2026-08-02 22:14:00,4078.29,4078.48,4076.29,4076.46,140.0
2026-08-02 22:15:00,4076.09,4077.22,4072.75,4072.86,178.0
2026-08-02 22:16:00,4072.8,4073.23,4072.31,4072.66,111.0
2026-08-02 22:17:00,4072.78,4072.95,4071.66,4071.7,130.0
2026-08-02 22:18:00,4071.84,4071.89,4069.05,4069.46,138.0
2026-08-02 22:19:00,4069.42,4069.81,4067.35,4069.07,206.0
2026-08-02 22:20:00,4068.8,4069.8,4068.6,4069.26,123.0
2026-08-02 22:21:00,4069.28,4070.22,4068.26,4068.46,136.0
2026-08-02 22:22:00,4068.45,4068.8,4067.66,4068.28,106.0
2026-08-02 22:23:00,4068.3,4068.39,4066.49,4066.73,92.0
2026-08-02 22:24:00,4066.91,4067.35,4064.1,4065.12,147.0
2026-08-02 22:25:00,4065.28,4065.99,4064.63,4065.2,109.0
2026-08-02 22:26:00,4065.22,4065.97,4063.97,4064.64,116.0
2026-08-02 22:27:00,4064.72,4066.02,4064.49,4065.55,108.0
2026-08-02 22:28:00,4066.12,4067.33,4064.91,4066.97,127.0
2026-08-02 22:29:00,4067.07,4067.27,4064.87,4065.95,140.0
2026-08-02 22:30:00,4065.97,4067.22,4065.12,4065.54,147.0
2026-08-02 22:31:00,4065.69,4067.36,4065.22,4066.37,147.0
2026-08-02 22:32:00,4066.34,4067.27,4066.0,4066.08,130.0
2026-08-02 22:33:00,4066.41,4068.18,4066.11,4068.18,113.0
2026-08-02 22:34:00,4068.22,4068.27,4064.39,4064.39,172.0
2026-08-02 22:35:00,4064.38,4066.78,4064.36,4066.24,123.0
2026-08-02 22:36:00,4066.29,4066.32,4064.47,4064.84,114.0
2026-08-02 22:37:00,4064.83,4065.42,4064.05,4064.24,97.0
2026-08-02 22:38:00,4064.21,4066.52,4064.12,4065.13,107.0
2026-08-02 22:39:00,4065.11,4067.66,4065.11,4065.77,113.0
2026-08-02 22:40:00,4065.75,4067.36,4065.2,4067.33,106.0
2026-08-02 22:41:00,4067.19,4067.32,4066.53,4066.83,68.0
2026-08-02 22:42:00,4066.89,4068.0,4066.6,4067.89,111.0
2026-08-02 22:43:00,4067.9,4068.05,4066.76,4066.82,95.0
2026-08-02 22:44:00,4066.8,4067.17,4066.55,4066.82,87.0
2026-08-02 22:45:00,4066.79,4067.13,4066.44,4067.1,68.0
2026-08-02 22:46:00,4067.07,4067.19,4065.2,4065.69,87.0
2026-08-02 22:47:00,4065.79,4066.44,4065.03,4065.59,110.0
2026-08-02 22:48:00,4065.54,4065.88,4064.9,4065.56,112.0
2026-08-02 22:49:00,4065.57,4066.08,4064.55,4064.65,133.0
2026-08-02 22:50:00,4064.81,4065.37,4064.43,4064.43,104.0
2026-08-02 22:51:00,4064.39,4065.41,4064.09,4064.56,105.0
2026-08-02 22:52:00,4064.58,4064.96,4063.71,4063.79,77.0
2026-08-02 22:53:00,4063.74,4066.05,4063.73,4065.53,125.0
2026-08-02 22:54:00,4065.63,4065.64,4064.05,4064.82,106.0
2026-08-02 22:55:00,4064.91,4065.29,4064.81,4065.1,72.0
2026-08-02 22:56:00,4065.08,4065.31,4064.62,4065.31,89.0
2026-08-02 22:57:00,4065.38,4065.69,4064.6,4064.6,93.0
2026-08-02 22:58:00,4064.49,4065.26,4064.4,4065.04,100.0
2026-08-02 22:59:00,4064.84,4065.1,4063.36,4063.59,114.0
2026-08-02 23:00:00,4063.49,4064.95,4063.44,4064.02,116.0
2026-08-02 23:01:00,4064.06,4065.06,4063.59,4063.82,145.0
2026-08-02 23:02:00,4063.81,4064.69,4063.21,4064.44,103.0
2026-08-02 23:03:00,4064.43,4065.56,4063.89,4064.8,112.0
2026-08-02 23:04:00,4064.81,4066.06,4064.81,4065.65,105.0
2026-08-02 23:05:00,4065.66,4065.69,4063.89,4064.01,113.0
2026-08-02 23:06:00,4064.09,4065.82,4063.76,4065.77,98.0
2026-08-02 23:07:00,4065.78,4065.78,4064.75,4065.16,85.0
2026-08-02 23:08:00,4065.15,4065.26,4064.36,4065.08,86.0
2026-08-02 23:09:00,4064.73,4065.43,4064.5,4064.52,92.0
2026-08-02 23:10:00,4064.53,4064.53,4063.21,4064.18,118.0
2026-08-02 23:11:00,4064.17,4064.42,4063.79,4064.02,82.0
2026-08-02 23:12:00,4064.03,4065.12,4063.95,4065.01,72.0
2026-08-02 23:13:00,4065.05,4065.65,4065.05,4065.57,96.0
2026-08-02 23:14:00,4065.55,4067.05,4065.4,4066.46,110.0
2026-08-02 23:15:00,4066.48,4067.7,4066.2,4067.12,67.0
2026-08-02 23:16:00,4067.12,4067.61,4067.08,4067.4,56.0
2026-08-02 23:17:00,4067.36,4069.57,4066.5,4069.57,98.0
2026-08-02 23:18:00,4069.59,4070.42,4069.09,4070.28,129.0
2026-08-02 23:19:00,4070.22,4071.77,4068.84,4071.73,144.0
2026-08-02 23:20:00,4071.71,4072.34,4070.7,4070.75,93.0
2026-08-02 23:21:00,4070.74,4070.74,4069.26,4069.34,103.0
2026-08-02 23:22:00,4069.4,4069.97,4067.89,4069.61,122.0
2026-08-02 23:23:00,4069.53,4070.69,4069.39,4070.52,73.0
2026-08-02 23:24:00,4070.55,4072.27,4070.48,4071.44,129.0
2026-08-02 23:25:00,4071.42,4072.09,4070.71,4071.91,106.0
2026-08-02 23:26:00,4071.95,4072.38,4071.4,4071.91,94.0
2026-08-02 23:27:00,4071.9,4072.58,4071.54,4072.46,73.0
2026-08-02 23:28:00,4072.56,4072.61,4072.31,4072.48,66.0
2026-08-02 23:29:00,4072.28,4072.47,4072.06,4072.11,74.0
2026-08-02 23:30:00,4072.16,4072.45,4072.13,4072.25,84.0
2026-08-02 23:31:00,4072.25,4072.3,4071.27,4071.49,98.0
2026-08-02 23:32:00,4071.43,4071.69,4070.17,4070.2,98.0
2026-08-02 23:33:00,4070.21,4070.48,4069.94,4070.08,79.0
2026-08-02 23:34:00,4070.09,4070.29,4069.75,4070.19,66.0
2026-08-02 23:35:00,4069.99,4070.04,4069.64,4069.86,68.0
2026-08-02 23:36:00,4069.86,4070.51,4069.83,4070.24,50.0
2026-08-02 23:37:00,4070.3,4070.97,4070.3,4070.92,42.0
2026-08-02 23:38:00,4070.69,4070.74,4069.99,4070.28,62.0
2026-08-02 23:39:00,4070.19,4070.21,4069.62,4069.63,60.0
2026-08-02 23:40:00,4069.71,4069.95,4069.62,4069.74,40.0
2026-08-02 23:41:00,4069.73,4069.73,4068.83,4068.88,59.0
2026-08-02 23:42:00,4068.92,4069.31,4068.61,4068.96,81.0
2026-08-02 23:43:00,4068.99,4069.06,4067.96,4068.48,83.0
2026-08-02 23:44:00,4068.47,4069.97,4068.39,4069.59,107.0
2026-08-02 23:45:00,4069.57,4070.5,4068.24,4068.38,182.0
2026-08-02 23:46:00,4068.39,4072.32,4068.31,4071.9,195.0
2026-08-02 23:47:00,4071.83,4072.25,4069.38,4069.84,147.0
2026-08-02 23:48:00,4069.83,4069.92,4068.71,4068.75,66.0
2026-08-02 23:49:00,4068.86,4069.22,4068.54,4069.08,90.0
2026-08-02 23:50:00,4069.05,4073.82,4068.44,4072.34,127.0
2026-08-02 23:51:00,4072.31,4072.83,4071.4,4072.02,138.0
2026-08-02 23:52:00,4072.01,4072.16,4070.3,4072.01,191.0
2026-08-02 23:53:00,4072.12,4072.69,4071.36,4072.68,120.0
2026-08-02 23:54:00,4072.77,4072.89,4071.73,4072.57,144.0
2026-08-02 23:55:00,4072.56,4073.29,4071.75,4073.12,164.0
2026-08-02 23:56:00,4073.2,4074.86,4072.68,4073.82,135.0
2026-08-02 23:57:00,4073.73,4074.01,4073.16,4073.21,124.0
2026-08-02 23:58:00,4073.28,4073.93,4073.05,4073.41,127.0
2026-08-02 23:59:00,4073.46,4074.94,4073.15,4074.94,145.0
2026-08-03 00:00:00,4074.95,4077.75,4074.79,4077.63,227.0
2026-08-03 00:01:00,4077.84,4078.99,4077.08,4078.65,219.0
2026-08-03 00:02:00,4078.56,4078.76,4076.69,4076.89,196.0
2026-08-03 00:03:00,4076.86,4078.2,4076.18,4077.97,216.0
2026-08-03 00:04:00,4077.78,4078.6,4077.24,4078.02,159.0
2026-08-03 00:05:00,4078.04,4078.43,4076.71,4078.15,178.0
2026-08-03 00:06:00,4078.12,4078.44,4074.21,4074.82,186.0
2026-08-03 00:07:00,4074.85,4075.84,4074.31,4075.84,205.0
2026-08-03 00:08:00,4075.85,4077.1,4074.02,4074.73,182.0
2026-08-03 00:09:00,4074.76,4074.76,4072.98,4073.17,167.0
2026-08-03 00:10:00,4073.23,4073.71,4072.04,4072.82,190.0
2026-08-03 00:11:00,4072.8,4073.55,4072.17,4072.95,188.0
2026-08-03 00:12:00,4072.94,4072.94,4070.81,4071.07,165.0
2026-08-03 00:13:00,4071.08,4072.16,4070.01,4071.58,187.0
2026-08-03 00:14:00,4071.42,4072.29,4071.24,4072.08,142.0
2026-08-03 00:15:00,4071.99,4072.96,4070.96,4072.49,212.0
2026-08-03 00:16:00,4072.45,4072.45,4070.97,4071.03,162.0
2026-08-03 00:17:00,4071.04,4071.04,4069.78,4070.62,161.0
2026-08-03 00:18:00,4070.63,4071.18,4069.99,4070.41,166.0
2026-08-03 00:19:00,4070.44,4071.32,4070.2,4070.24,142.0
2026-08-03 00:20:00,4070.26,4070.34,4068.36,4068.79,151.0
2026-08-03 00:21:00,4068.82,4069.14,4067.49,4067.93,144.0
2026-08-03 00:22:00,4067.87,4068.84,4067.33,4068.77,161.0
2026-08-03 00:23:00,4068.76,4068.78,4066.73,4067.79,143.0
2026-08-03 00:24:00,4067.84,4068.01,4066.46,4066.7,148.0
2026-08-03 00:25:00,4066.71,4067.72,4064.3,4064.36,175.0
2026-08-03 00:26:00,4064.34,4064.69,4063.04,4063.56,181.0
2026-08-03 00:27:00,4063.78,4064.7,4061.35,4063.85,206.0
2026-08-03 00:28:00,4063.4,4066.67,4062.35,4065.08,267.0
2026-08-03 00:29:00,4065.05,4066.28,4063.28,4064.29,242.0
2026-08-03 00:30:00,4064.07,4069.93,4064.06,4069.46,244.0
2026-08-03 00:31:00,4069.26,4069.67,4067.39,4067.68,218.0
2026-08-03 00:32:00,4067.51,4067.51,4065.49,4065.96,208.0
2026-08-03 00:33:00,4066.04,4067.01,4063.05,4063.86,210.0
2026-08-03 00:34:00,4063.85,4065.49,4063.38,4064.58,194.0
2026-08-03 00:35:00,4064.53,4065.28,4063.05,4063.48,224.0
2026-08-03 00:36:00,4063.46,4064.49,4061.88,4062.01,213.0
2026-08-03 00:37:00,4062.0,4062.57,4060.55,4062.19,211.0
2026-08-03 00:38:00,4062.2,4063.05,4061.05,4061.26,188.0
2026-08-03 00:39:00,4061.28,4061.37,4059.41,4059.93,183.0
2026-08-03 00:40:00,4059.89,4060.23,4057.95,4060.02,221.0
2026-08-03 00:41:00,4060.06,4061.08,4058.65,4059.8,192.0
2026-08-03 00:42:00,4059.81,4060.27,4058.33,4058.33,192.0
2026-08-03 00:43:00,4058.33,4058.88,4057.24,4057.24,175.0
2026-08-03 00:44:00,4057.14,4058.96,4056.94,4058.17,212.0
2026-08-03 00:45:00,4058.2,4059.07,4057.8,4059.0,220.0
2026-08-03 00:46:00,4059.37,4060.09,4057.31,4057.31,203.0
2026-08-03 00:47:00,4057.3,4058.25,4056.21,4057.41,205.0
2026-08-03 00:48:00,4057.44,4060.48,4057.16,4059.05,204.0
2026-08-03 00:49:00,4059.07,4060.59,4058.0,4058.0,188.0
2026-08-03 00:50:00,4057.84,4059.91,4057.31,4059.21,180.0
2026-08-03 00:51:00,4059.22,4059.3,4057.53,4057.74,184.0
2026-08-03 00:52:00,4057.7,4060.44,4057.56,4059.92,199.0
2026-08-03 00:53:00,4060.09,4060.33,4058.6,4060.33,190.0
2026-08-03 00:54:00,4060.27,4060.77,4058.5,4058.68,176.0
2026-08-03 00:55:00,4058.52,4059.81,4058.13,4058.86,158.0
2026-08-03 00:56:00,4058.87,4059.04,4057.75,4058.03,164.0
2026-08-03 00:57:00,4058.07,4059.52,4056.78,4057.44,163.0
2026-08-03 00:58:00,4057.45,4057.72,4056.49,4057.1,167.0
2026-08-03 00:59:00,4057.12,4057.37,4055.74,4057.14,196.0
2026-08-03 01:00:00,4057.17,4057.31,4052.11,4056.2,275.0
2026-08-03 01:01:00,4056.15,4062.55,4054.98,4061.99,281.0
2026-08-03 01:02:00,4062.21,4063.29,4056.33,4057.98,270.0
2026-08-03 01:03:00,4057.97,4058.37,4055.29,4057.68,261.0
2026-08-03 01:04:00,4057.69,4058.85,4057.14,4058.29,241.0
2026-08-03 01:05:00,4058.19,4061.1,4058.0,4060.89,252.0
2026-08-03 01:06:00,4061.15,4061.77,4058.92,4058.97,239.0
2026-08-03 01:07:00,4058.96,4059.37,4056.68,4059.37,243.0
2026-08-03 01:08:00,4059.44,4061.04,4057.78,4060.31,225.0
2026-08-03 01:09:00,4060.55,4061.26,4059.37,4059.81,219.0
2026-08-03 01:10:00,4059.9,4060.6,4058.03,4058.96,222.0
2026-08-03 01:11:00,4058.97,4059.4,4056.82,4057.51,209.0
2026-08-03 01:12:00,4057.52,4057.87,4054.59,4054.75,214.0
2026-08-03 01:13:00,4054.71,4055.2,4052.93,4053.6,196.0
2026-08-03 01:14:00,4053.68,4054.17,4051.56,4052.33,206.0
2026-08-03 01:15:00,4052.38,4053.74,4051.3,4051.5,213.0
2026-08-03 01:16:00,4051.4,4051.97,4047.39,4049.25,232.0
2026-08-03 01:17:00,4049.22,4049.89,4048.49,4048.7,211.0
2026-08-03 01:18:00,4049.4,4050.35,4047.54,4050.0,182.0
2026-08-03 01:19:00,4049.95,4050.13,4049.08,4049.11,175.0
2026-08-03 01:20:00,4049.12,4051.16,4049.09,4050.68,199.0
2026-08-03 01:21:00,4050.71,4051.51,4050.31,4051.03,186.0
2026-08-03 01:22:00,4051.04,4051.17,4049.16,4049.83,188.0
2026-08-03 01:23:00,4049.86,4051.84,4049.27,4051.61,157.0
2026-08-03 01:24:00,4051.63,4053.94,4050.97,4053.84,164.0
2026-08-03 01:25:00,4053.75,4055.12,4053.58,4053.74,205.0
2026-08-03 01:26:00,4053.62,4053.91,4052.23,4053.28,188.0
2026-08-03 01:27:00,4053.34,4054.46,4052.91,4052.91,160.0
2026-08-03 01:28:00,4052.87,4054.47,4052.86,4054.06,168.0
2026-08-03 01:29:00,4054.02,4054.54,4052.46,4052.88,196.0
2026-08-03 01:30:00,4052.84,4053.96,4052.23,4052.23,196.0
2026-08-03 01:31:00,4052.22,4052.61,4050.14,4050.85,190.0
2026-08-03 01:32:00,4050.92,4051.62,4050.39,4051.35,148.0
2026-08-03 01:33:00,4051.39,4053.02,4050.58,4052.64,148.0
2026-08-03 01:34:00,4052.63,4053.85,4051.43,4053.82,187.0
2026-08-03 01:35:00,4053.8,4055.41,4053.62,4054.75,156.0
2026-08-03 01:36:00,4055.14,4057.0,4055.14,4056.7,162.0
2026-08-03 01:37:00,4056.52,4056.81,4053.39,4053.91,197.0
2026-08-03 01:38:00,4053.76,4054.17,4052.7,4052.85,156.0
2026-08-03 01:39:00,4052.82,4054.13,4052.47,4053.49,164.0
2026-08-03 01:40:00,4053.59,4054.17,4052.13,4052.69,184.0
2026-08-03 01:41:00,4052.78,4052.83,4051.11,4051.6,191.0
2026-08-03 01:42:00,4051.68,4051.69,4047.69,4048.45,228.0
2026-08-03 01:43:00,4048.47,4049.24,4047.51,4049.01,166.0
2026-08-03 01:44:00,4049.09,4051.15,4048.04,4051.15,160.0
2026-08-03 01:45:00,4051.16,4052.07,4050.69,4051.62,171.0
2026-08-03 01:46:00,4051.63,4052.13,4050.16,4050.22,139.0
2026-08-03 01:47:00,4050.23,4053.23,4050.15,4053.17,165.0
2026-08-03 01:48:00,4053.16,4055.39,4053.16,4053.87,193.0
2026-08-03 01:49:00,4053.99,4055.11,4053.34,4053.34,190.0
2026-08-03 01:50:00,4053.33,4054.53,4053.3,4054.16,158.0
2026-08-03 01:51:00,4054.43,4055.56,4053.43,4054.38,162.0
2026-08-03 01:52:00,4054.34,4055.42,4054.12,4054.68,145.0
2026-08-03 01:53:00,4054.45,4054.49,4051.96,4051.98,194.0
2026-08-03 01:54:00,4051.96,4051.96,4050.32,4051.4,177.0
2026-08-03 01:55:00,4051.44,4054.59,4050.02,4054.59,202.0
2026-08-03 01:56:00,4054.66,4056.02,4054.18,4054.21,178.0
2026-08-03 01:57:00,4054.2,4054.89,4053.75,4054.47,143.0
2026-08-03 01:58:00,4054.5,4055.87,4053.99,4055.28,150.0
2026-08-03 01:59:00,4055.32,4057.44,4055.14,4056.6,140.0
2026-08-03 02:00:00,4056.66,4060.96,4056.66,4059.0,184.0
2026-08-03 02:01:00,4059.01,4059.31,4057.69,4059.26,172.0
2026-08-03 02:02:00,4059.26,4060.08,4058.39,4059.88,145.0
2026-08-03 02:03:00,4059.85,4060.92,4059.51,4060.72,159.0
2026-08-03 02:04:00,4060.75,4060.8,4059.43,4059.43,130.0
2026-08-03 02:05:00,4059.48,4060.16,4058.77,4060.13,134.0
2026-08-03 02:06:00,4060.12,4060.5,4059.33,4059.52,132.0
2026-08-03 02:07:00,4059.55,4059.57,4057.95,4057.95,142.0
2026-08-03 02:08:00,4057.99,4059.08,4056.42,4057.0,143.0
2026-08-03 02:09:00,4056.89,4057.44,4055.79,4055.93,147.0
2026-08-03 02:10:00,4055.94,4056.29,4055.21,4055.57,156.0
2026-08-03 02:11:00,4055.54,4056.7,4055.4,4055.4,137.0
2026-08-03 02:12:00,4055.65,4055.86,4053.19,4054.01,168.0
2026-08-03 02:13:00,4054.09,4055.61,4054.09,4055.39,138.0
2026-08-03 02:14:00,4055.38,4056.14,4054.53,4055.75,145.0
2026-08-03 02:15:00,4055.67,4055.67,4052.06,4053.25,162.0
2026-08-03 02:16:00,4053.24,4055.23,4052.7,4055.19,129.0
2026-08-03 02:17:00,4054.85,4055.56,4054.16,4055.53,145.0
2026-08-03 02:18:00,4055.51,4057.24,4054.72,4057.15,135.0
2026-08-03 02:19:00,4057.16,4060.71,4056.58,4060.54,136.0
2026-08-03 02:20:00,4060.53,4060.66,4058.69,4058.75,135.0
2026-08-03 02:21:00,4058.77,4059.08,4058.32,4058.87,100.0
2026-08-03 02:22:00,4058.71,4059.02,4056.67,4056.79,125.0
2026-08-03 02:23:00,4056.85,4056.94,4055.76,4055.76,78.0
2026-08-03 02:24:00,4055.92,4055.97,4054.57,4055.16,91.0
2026-08-03 02:25:00,4055.17,4056.0,4055.14,4055.75,88.0
2026-08-03 02:26:00,4055.72,4055.99,4054.57,4054.64,90.0
2026-08-03 02:27:00,4054.63,4058.65,4054.22,4058.65,115.0
2026-08-03 02:28:00,4058.51,4058.56,4057.6,4058.0,78.0
2026-08-03 02:29:00,4057.97,4058.37,4057.62,4058.08,100.0
2026-08-03 02:30:00,4058.07,4059.41,4057.73,4058.84,225.0
2026-08-03 02:31:00,4058.81,4058.81,4055.04,4055.65,183.0
2026-08-03 02:32:00,4055.59,4055.59,4053.83,4054.35,156.0
2026-08-03 02:33:00,4054.29,4055.88,4054.15,4055.66,151.0
2026-08-03 02:34:00,4055.65,4055.84,4054.51,4055.81,154.0
2026-08-03 02:35:00,4055.68,4057.01,4054.65,4054.97,160.0
2026-08-03 02:36:00,4054.89,4055.05,4052.46,4053.12,189.0
2026-08-03 02:37:00,4053.02,4054.32,4052.52,4054.16,162.0
2026-08-03 02:38:00,4054.07,4056.15,4053.87,4055.68,149.0
2026-08-03 02:39:00,4055.68,4058.78,4055.18,4057.67,173.0
2026-08-03 02:40:00,4057.64,4060.63,4057.64,4058.35,179.0
2026-08-03 02:41:00,4058.4,4059.7,4057.69,4057.72,185.0
2026-08-03 02:42:00,4057.7,4059.53,4057.34,4059.5,128.0
2026-08-03 02:43:00,4059.55,4059.93,4058.99,4059.36,112.0
2026-08-03 02:44:00,4059.33,4060.32,4059.12,4059.62,124.0
2026-08-03 02:45:00,4059.38,4060.02,4058.48,4058.87,136.0
2026-08-03 02:46:00,4058.91,4060.26,4058.91,4059.59,126.0
2026-08-03 02:47:00,4059.61,4061.5,4059.56,4060.35,136.0
2026-08-03 02:48:00,4060.36,4063.13,4060.3,4063.13,156.0
2026-08-03 02:49:00,4063.18,4066.85,4063.13,4063.64,183.0
2026-08-03 02:50:00,4063.6,4065.29,4063.6,4064.34,162.0
2026-08-03 02:51:00,4064.54,4064.54,4062.81,4063.22,132.0
2026-08-03 02:52:00,4063.23,4063.97,4062.63,4063.25,132.0
2026-08-03 02:53:00,4063.27,4064.86,4062.88,4063.0,147.0
2026-08-03 02:54:00,4063.04,4063.55,4062.25,4062.65,137.0
2026-08-03 02:55:00,4062.74,4063.19,4061.58,4061.67,141.0
2026-08-03 02:56:00,4061.65,4062.57,4060.82,4062.57,158.0
2026-08-03 02:57:00,4062.66,4063.69,4062.46,4062.57,136.0
2026-08-03 02:58:00,4062.56,4064.4,4062.13,4062.99,160.0
2026-08-03 02:59:00,4063.03,4063.03,4062.28,4062.47,122.0
2026-08-03 03:00:00,4062.31,4062.46,4060.96,4061.28,141.0
2026-08-03 03:01:00,4061.34,4063.57,4060.97,4062.41,142.0
2026-08-03 03:02:00,4062.59,4062.77,4061.5,4062.66,126.0
2026-08-03 03:03:00,4062.56,4063.06,4062.22,4062.76,119.0
2026-08-03 03:04:00,4062.75,4063.94,4062.31,4062.51,133.0
2026-08-03 03:05:00,4062.53,4065.47,4062.53,4064.97,153.0
2026-08-03 03:06:00,4064.98,4065.18,4063.92,4064.42,124.0
2026-08-03 03:07:00,4064.39,4064.48,4062.49,4062.65,123.0
2026-08-03 03:08:00,4062.67,4063.77,4062.66,4062.77,104.0
2026-08-03 03:09:00,4062.75,4064.6,4062.32,4064.14,157.0
2026-08-03 03:10:00,4064.27,4064.92,4062.94,4063.97,138.0
2026-08-03 03:11:00,4063.96,4064.6,4063.24,4064.28,125.0
2026-08-03 03:12:00,4064.29,4064.37,4063.66,4063.92,96.0
2026-08-03 03:13:00,4063.89,4064.47,4063.88,4064.26,72.0
2026-08-03 03:14:00,4064.33,4064.53,4063.8,4064.35,81.0
2026-08-03 03:15:00,4064.31,4066.06,4063.14,4063.34,155.0
2026-08-03 03:16:00,4063.21,4064.23,4063.11,4063.95,119.0
2026-08-03 03:17:00,4063.9,4066.33,4063.89,4065.22,106.0
2026-08-03 03:18:00,4065.21,4067.24,4065.21,4066.47,141.0
2026-08-03 03:19:00,4066.41,4067.71,4065.84,4067.51,154.0
2026-08-03 03:20:00,4067.58,4067.85,4066.2,4066.42,141.0
2026-08-03 03:21:00,4066.41,4066.48,4065.3,4065.36,124.0
2026-08-03 03:22:00,4065.46,4065.53,4061.76,4061.95,107.0
2026-08-03 03:23:00,4061.71,4063.82,4061.59,4063.42,168.0
2026-08-03 03:24:00,4063.43,4063.77,4062.62,4062.88,110.0
2026-08-03 03:25:00,4062.87,4065.19,4061.7,4063.79,148.0
2026-08-03 03:26:00,4063.72,4064.4,4062.89,4064.17,125.0
2026-08-03 03:27:00,4064.01,4064.82,4063.19,4063.63,137.0
2026-08-03 03:28:00,4063.75,4063.93,4062.87,4063.48,112.0
2026-08-03 03:29:00,4063.44,4064.02,4063.17,4063.88,115.0
2026-08-03 03:30:00,4063.8,4064.61,4062.58,4063.19,116.0
2026-08-03 03:31:00,4063.2,4064.46,4062.88,4063.18,148.0
2026-08-03 03:32:00,4063.23,4064.42,4063.23,4064.28,122.0
2026-08-03 03:33:00,4064.31,4064.85,4063.3,4063.4,100.0
2026-08-03 03:34:00,4063.6,4064.89,4063.12,4063.23,106.0
2026-08-03 03:35:00,4063.14,4064.88,4061.77,4062.27,143.0
2026-08-03 03:36:00,4062.31,4062.39,4061.66,4062.21,104.0
2026-08-03 03:37:00,4062.25,4062.25,4061.3,4061.76,89.0
2026-08-03 03:38:00,4061.78,4062.69,4061.49,4062.36,98.0
2026-08-03 03:39:00,4062.46,4062.99,4062.18,4062.82,57.0
2026-08-03 03:40:00,4062.83,4063.64,4062.71,4063.31,75.0
2026-08-03 03:41:00,4063.16,4063.19,4061.73,4061.94,80.0
2026-08-03 03:42:00,4061.99,4062.44,4061.75,4062.21,58.0
2026-08-03 03:43:00,4062.07,4062.07,4061.66,4061.87,64.0
2026-08-03 03:44:00,4061.79,4061.81,4060.58,4060.61,87.0
2026-08-03 03:45:00,4060.62,4060.91,4059.25,4059.4,96.0
2026-08-03 03:46:00,4059.45,4060.61,4059.44,4060.41,76.0
2026-08-03 03:47:00,4060.36,4060.88,4060.34,4060.79,36.0
2026-08-03 03:48:00,4060.82,4061.21,4060.67,4060.73,83.0
2026-08-03 03:49:00,4060.68,4061.54,4060.65,4061.24,81.0
2026-08-03 03:50:00,4061.47,4063.34,4061.29,4063.31,115.0
2026-08-03 03:51:00,4063.3,4063.8,4062.15,4063.71,93.0
2026-08-03 03:52:00,4063.54,4065.44,4063.31,4065.37,115.0
2026-08-03 03:53:00,4065.38,4065.71,4064.16,4064.31,115.0
2026-08-03 03:54:00,4064.43,4066.36,4063.85,4066.11,133.0
2026-08-03 03:55:00,4066.2,4066.73,4065.64,4065.91,85.0
2026-08-03 03:56:00,4065.89,4066.2,4064.32,4064.52,98.0
2026-08-03 03:57:00,4064.46,4064.94,4064.18,4064.59,91.0
2026-08-03 03:58:00,4064.63,4065.07,4064.56,4064.78,66.0
2026-08-03 03:59:00,4064.71,4065.35,4064.56,4064.98,69.0
2026-08-03 04:00:00,4065.03,4065.96,4064.85,4065.0,98.0
2026-08-03 04:01:00,4064.84,4065.77,4064.26,4065.56,131.0
2026-08-03 04:02:00,4065.62,4066.16,4065.41,4065.69,85.0
2026-08-03 04:03:00,4065.5,4066.62,4064.94,4065.86,119.0
2026-08-03 04:04:00,4066.0,4066.57,4065.84,4066.46,79.0
2026-08-03 04:05:00,4066.47,4067.15,4066.22,4066.31,73.0
2026-08-03 04:06:00,4066.32,4067.23,4066.11,4066.77,102.0
2026-08-03 04:07:00,4066.78,4068.25,4066.78,4067.28,106.0
2026-08-03 04:08:00,4067.23,4068.04,4066.86,4066.97,60.0
2026-08-03 04:09:00,4066.99,4067.44,4065.18,4065.37,92.0
2026-08-03 04:10:00,4065.4,4066.2,4065.33,4065.57,72.0
2026-08-03 04:11:00,4065.64,4065.88,4065.5,4065.67,76.0
2026-08-03 04:12:00,4065.62,4066.11,4065.47,4065.79,56.0
2026-08-03 04:13:00,4065.78,4066.58,4065.45,4066.08,67.0
2026-08-03 04:14:00,4066.08,4066.63,4065.78,4066.59,73.0
2026-08-03 04:15:00,4066.78,4067.34,4066.13,4067.26,103.0
2026-08-03 04:16:00,4067.25,4069.93,4066.62,4069.59,67.0
2026-08-03 04:17:00,4069.59,4069.74,4068.24,4068.45,117.0
2026-08-03 04:18:00,4068.4,4068.66,4067.91,4068.27,56.0
2026-08-03 04:19:00,4068.17,4069.69,4068.17,4069.61,76.0
2026-08-03 04:20:00,4069.58,4069.77,4069.49,4069.63,47.0
2026-08-03 04:21:00,4069.95,4070.99,4069.82,4070.43,99.0
2026-08-03 04:22:00,4070.44,4070.95,4069.69,4069.76,97.0
2026-08-03 04:23:00,4069.68,4069.74,4068.99,4068.99,78.0
2026-08-03 04:24:00,4069.02,4069.55,4068.87,4068.87,69.0
2026-08-03 04:25:00,4068.9,4069.89,4068.9,4069.26,79.0
2026-08-03 04:26:00,4069.2,4069.36,4068.14,4068.57,104.0
2026-08-03 04:27:00,4068.56,4068.68,4068.09,4068.46,76.0
2026-08-03 04:28:00,4068.45,4068.45,4067.98,4068.04,43.0
2026-08-03 04:29:00,4068.08,4068.5,4067.99,4068.19,72.0
2026-08-03 04:30:00,4068.2,4070.18,4068.2,4070.13,89.0
2026-08-03 04:31:00,4070.11,4071.03,4069.97,4071.03,79.0
2026-08-03 04:32:00,4071.04,4071.04,4070.37,4070.65,96.0
2026-08-03 04:33:00,4070.45,4071.01,4070.3,4070.63,81.0
2026-08-03 04:34:00,4070.49,4071.05,4070.27,4070.59,88.0
2026-08-03 04:35:00,4070.58,4071.03,4070.23,4070.93,86.0
2026-08-03 04:36:00,4071.02,4071.15,4069.36,4069.36,97.0
2026-08-03 04:37:00,4069.37,4069.58,4068.55,4068.82,85.0
2026-08-03 04:38:00,4068.84,4070.28,4068.62,4069.68,119.0
2026-08-03 04:39:00,4069.53,4070.07,4069.53,4069.79,76.0
2026-08-03 04:40:00,4069.82,4069.87,4068.85,4069.14,80.0
2026-08-03 04:41:00,4069.23,4070.03,4069.11,4069.3,103.0
2026-08-03 04:42:00,4069.29,4070.02,4068.98,4069.24,89.0
2026-08-03 04:43:00,4069.26,4069.5,4069.04,4069.28,57.0
2026-08-03 04:44:00,4069.26,4070.45,4068.97,4070.45,100.0
2026-08-03 04:45:00,4070.54,4070.78,4069.52,4069.75,108.0
2026-08-03 04:46:00,4069.76,4069.77,4069.22,4069.53,80.0
2026-08-03 04:47:00,4069.55,4070.04,4068.91,4068.94,91.0
2026-08-03 04:48:00,4069.12,4071.34,4069.04,4071.31,74.0
2026-08-03 04:49:00,4071.38,4071.86,4070.66,4070.69,83.0
2026-08-03 04:50:00,4070.69,4071.75,4070.66,4070.8,82.0
2026-08-03 04:51:00,4070.75,4070.75,4068.21,4068.82,99.0
2026-08-03 04:52:00,4068.81,4068.81,4067.8,4068.17,96.0
2026-08-03 04:53:00,4068.08,4068.51,4067.76,4067.76,83.0
2026-08-03 04:54:00,4067.77,4067.89,4067.64,4067.79,59.0
2026-08-03 04:55:00,4067.84,4068.15,4067.38,4067.5,103.0
2026-08-03 04:56:00,4067.51,4068.03,4067.37,4067.39,75.0
2026-08-03 04:57:00,4067.46,4067.51,4066.39,4066.69,98.0
2026-08-03 04:58:00,4066.62,4066.84,4064.98,4065.86,103.0
2026-08-03 04:59:00,4065.89,4065.96,4063.85,4063.88,66.0
2026-08-03 05:00:00,4063.89,4064.88,4062.8,4063.84,164.0
2026-08-03 05:01:00,4063.92,4064.91,4063.47,4064.07,130.0
2026-08-03 05:02:00,4064.02,4065.3,4064.02,4065.27,93.0
2026-08-03 05:03:00,4065.22,4065.22,4062.68,4062.94,108.0
2026-08-03 05:04:00,4062.95,4063.95,4062.38,4062.43,125.0
2026-08-03 05:05:00,4062.51,4062.51,4061.41,4061.41,130.0
2026-08-03 05:06:00,4061.6,4062.93,4061.03,4061.71,128.0
2026-08-03 05:07:00,4061.68,4062.22,4061.16,4061.64,100.0
2026-08-03 05:08:00,4061.62,4061.92,4060.64,4061.61,99.0
2026-08-03 05:09:00,4061.77,4061.85,4060.86,4060.9,97.0
2026-08-03 05:10:00,4060.93,4060.93,4057.86,4058.25,140.0
2026-08-03 05:11:00,4058.27,4058.91,4057.22,4057.27,121.0
2026-08-03 05:12:00,4057.26,4057.32,4056.76,4056.95,96.0
2026-08-03 05:13:00,4056.93,4057.84,4056.7,4057.41,115.0
2026-08-03 05:14:00,4057.27,4057.69,4056.9,4057.45,85.0
2026-08-03 05:15:00,4057.43,4057.86,4056.32,4056.59,112.0
2026-08-03 05:16:00,4056.6,4057.3,4055.19,4055.23,108.0
2026-08-03 05:17:00,4055.24,4056.44,4054.13,4056.42,132.0
2026-08-03 05:18:00,4056.46,4057.39,4056.13,4056.82,128.0
2026-08-03 05:19:00,4056.81,4057.15,4056.43,4056.47,78.0
2026-08-03 05:20:00,4056.48,4057.49,4055.92,4057.47,103.0
2026-08-03 05:21:00,4057.47,4058.07,4057.16,4057.37,108.0
2026-08-03 05:22:00,4057.38,4057.94,4057.3,4057.65,72.0
2026-08-03 05:23:00,4057.64,4057.82,4057.14,4057.82,67.0
2026-08-03 05:24:00,4057.86,4059.04,4057.63,4059.04,105.0
2026-08-03 05:25:00,4059.08,4060.26,4058.46,4060.14,122.0
2026-08-03 05:26:00,4060.15,4062.67,4059.62,4061.94,111.0
2026-08-03 05:27:00,4061.95,4061.95,4060.14,4060.45,119.0
2026-08-03 05:28:00,4060.48,4060.67,4060.0,4060.62,73.0
2026-08-03 05:29:00,4060.62,4060.76,4060.29,4060.38,77.0
2026-08-03 05:30:00,4060.34,4060.65,4058.51,4059.96,185.0
2026-08-03 05:31:00,4059.95,4060.56,4058.6,4060.36,165.0
2026-08-03 05:32:00,4060.39,4060.45,4059.41,4059.46,135.0
2026-08-03 05:33:00,4059.49,4060.26,4058.31,4059.04,137.0
2026-08-03 05:34:00,4059.05,4059.05,4055.91,4056.58,154.0
2026-08-03 05:35:00,4056.55,4057.66,4055.6,4056.78,164.0
2026-08-03 05:36:00,4056.71,4056.98,4055.25,4056.52,155.0
2026-08-03 05:37:00,4056.58,4058.5,4056.4,4058.08,146.0
2026-08-03 05:38:00,4057.95,4059.26,4057.85,4058.86,132.0
2026-08-03 05:39:00,4058.99,4059.78,4057.13,4057.18,129.0
2026-08-03 05:40:00,4057.17,4058.85,4056.4,4058.85,183.0
2026-08-03 05:41:00,4058.8,4060.23,4058.39,4059.81,157.0
2026-08-03 05:42:00,4059.8,4064.09,4059.53,4063.0,181.0
2026-08-03 05:43:00,4062.96,4064.66,4061.57,4064.16,167.0
2026-08-03 05:44:00,4064.36,4064.5,4062.79,4063.43,125.0
2026-08-03 05:45:00,4063.5,4063.54,4061.22,4061.22,123.0
2026-08-03 05:46:00,4061.29,4062.45,4061.28,4062.24,122.0
2026-08-03 05:47:00,4062.19,4063.6,4060.87,4061.0,137.0
2026-08-03 05:48:00,4060.97,4061.26,4060.09,4060.12,109.0
2026-08-03 05:49:00,4060.1,4060.29,4058.85,4060.16,123.0
2026-08-03 05:50:00,4060.17,4060.59,4059.44,4059.8,119.0
2026-08-03 05:51:00,4059.79,4060.28,4059.41,4059.52,113.0
2026-08-03 05:52:00,4059.57,4063.0,4059.57,4062.89,126.0
2026-08-03 05:53:00,4062.9,4063.48,4062.08,4063.43,114.0
2026-08-03 05:54:00,4063.44,4065.38,4063.44,4065.09,123.0
2026-08-03 05:55:00,4065.31,4065.96,4064.42,4065.14,137.0
2026-08-03 05:56:00,4065.09,4066.08,4065.03,4065.96,95.0
2026-08-03 05:57:00,4065.96,4066.56,4065.47,4065.88,106.0
2026-08-03 05:58:00,4065.87,4069.41,4065.75,4069.32,162.0
2026-08-03 05:59:00,4069.4,4069.88,4068.51,4068.9,146.0
2026-08-03 06:00:00,4068.94,4070.55,4068.87,4069.6,183.0
2026-08-03 06:01:00,4069.57,4070.59,4068.07,4068.99,197.0
2026-08-03 06:02:00,4068.94,4070.2,4068.88,4069.88,120.0
2026-08-03 06:03:00,4070.18,4071.18,4068.46,4068.64,168.0
2026-08-03 06:04:00,4068.65,4069.41,4067.56,4068.03,154.0
2026-08-03 06:05:00,4067.96,4070.51,4067.96,4070.51,179.0
2026-08-03 06:06:00,4070.34,4070.4,4067.89,4069.11,181.0
2026-08-03 06:07:00,4068.93,4068.93,4067.54,4068.01,139.0
2026-08-03 06:08:00,4068.07,4068.66,4067.66,4067.69,125.0
2026-08-03 06:09:00,4067.76,4068.18,4067.57,4067.69,133.0
2026-08-03 06:10:00,4067.61,4068.07,4066.38,4066.44,115.0
2026-08-03 06:11:00,4066.42,4067.37,4066.37,4067.32,168.0
2026-08-03 06:12:00,4067.31,4067.34,4065.92,4066.11,131.0
2026-08-03 06:13:00,4066.16,4067.11,4066.16,4066.16,155.0
2026-08-03 06:14:00,4066.15,4067.06,4066.01,4066.01,119.0
2026-08-03 06:15:00,4066.0,4067.09,4065.5,4067.09,146.0
2026-08-03 06:16:00,4067.06,4068.38,4066.9,4067.88,158.0
2026-08-03 06:17:00,4067.87,4068.52,4067.85,4068.25,139.0
2026-08-03 06:18:00,4068.24,4069.28,4067.95,4068.22,141.0
2026-08-03 06:19:00,4068.15,4070.04,4068.15,4069.48,112.0
2026-08-03 06:20:00,4069.56,4069.59,4068.43,4068.56,111.0
2026-08-03 06:21:00,4068.74,4069.09,4067.75,4068.04,149.0
2026-08-03 06:22:00,4068.03,4069.21,4067.72,4068.67,146.0
2026-08-03 06:23:00,4068.69,4071.48,4068.27,4070.06,220.0
2026-08-03 06:24:00,4070.11,4071.93,4070.02,4070.78,210.0
2026-08-03 06:25:00,4070.76,4071.24,4069.04,4069.52,192.0
2026-08-03 06:26:00,4069.36,4069.38,4066.46,4066.55,172.0
2026-08-03 06:27:00,4066.49,4067.58,4066.14,4067.23,174.0
2026-08-03 06:28:00,4067.22,4068.81,4066.89,4068.81,152.0
2026-08-03 06:29:00,4068.86,4069.39,4068.29,4068.5,170.0
2026-08-03 06:30:00,4068.5,4068.92,4067.43,4067.96,167.0
2026-08-03 06:31:00,4067.82,4068.21,4066.22,4066.26,144.0
2026-08-03 06:32:00,4066.25,4067.33,4065.62,4066.09,145.0
2026-08-03 06:33:00,4066.12,4066.62,4065.09,4065.74,162.0
2026-08-03 06:34:00,4065.7,4065.7,4060.58,4060.58,173.0
2026-08-03 06:35:00,4060.57,4064.72,4060.49,4064.59,181.0
2026-08-03 06:36:00,4064.62,4066.4,4064.62,4065.94,116.0
2026-08-03 06:37:00,4066.0,4066.16,4065.16,4065.76,132.0
2026-08-03 06:38:00,4065.8,4066.95,4065.8,4066.71,136.0
2026-08-03 06:39:00,4066.7,4067.47,4066.01,4066.12,144.0
2026-08-03 06:40:00,4066.06,4066.43,4065.67,4065.94,135.0
2026-08-03 06:41:00,4065.88,4066.35,4065.06,4065.15,150.0
2026-08-03 06:42:00,4065.17,4066.15,4065.12,4065.71,162.0
2026-08-03 06:43:00,4065.64,4065.64,4064.99,4065.49,111.0
2026-08-03 06:44:00,4065.48,4065.71,4064.5,4065.52,130.0
2026-08-03 06:45:00,4065.5,4065.92,4064.86,4065.07,131.0
2026-08-03 06:46:00,4064.98,4066.92,4064.68,4066.84,140.0
2026-08-03 06:47:00,4066.86,4066.88,4065.3,4065.82,110.0
2026-08-03 06:48:00,4065.81,4065.81,4063.51,4063.53,152.0
2026-08-03 06:49:00,4063.54,4063.79,4063.04,4063.45,103.0
2026-08-03 06:50:00,4063.4,4063.71,4063.04,4063.71,87.0
2026-08-03 06:51:00,4063.71,4065.13,4063.68,4064.17,127.0
2026-08-03 06:52:00,4064.21,4064.91,4063.39,4064.47,124.0
2026-08-03 06:53:00,4064.51,4064.51,4062.77,4063.57,120.0
2026-08-03 06:54:00,4063.55,4064.64,4063.18,4064.03,124.0
2026-08-03 06:55:00,4064.02,4064.55,4063.61,4063.8,137.0
2026-08-03 06:56:00,4063.79,4064.4,4063.75,4064.4,110.0
2026-08-03 06:57:00,4064.43,4066.27,4064.09,4066.16,110.0
2026-08-03 06:58:00,4066.15,4066.3,4064.8,4064.98,141.0
2026-08-03 06:59:00,4064.94,4065.27,4063.61,4063.89,154.0
2026-08-03 07:00:00,4063.86,4065.21,4062.31,4064.5,208.0
2026-08-03 07:01:00,4064.19,4064.48,4062.35,4062.72,170.0
2026-08-03 07:02:00,4062.6,4062.85,4061.37,4062.06,169.0
2026-08-03 07:03:00,4062.31,4062.37,4060.26,4060.32,150.0
2026-08-03 07:04:00,4060.36,4061.4,4059.86,4061.07,191.0
2026-08-03 07:05:00,4060.96,4061.85,4060.67,4061.31,167.0
2026-08-03 07:06:00,4061.41,4062.08,4059.63,4059.76,148.0
2026-08-03 07:07:00,4059.69,4061.99,4059.69,4061.91,140.0
2026-08-03 07:08:00,4061.95,4062.01,4060.94,4061.71,149.0
2026-08-03 07:09:00,4061.8,4063.86,4061.71,4062.86,169.0
2026-08-03 07:10:00,4062.77,4063.54,4062.37,4063.48,170.0
2026-08-03 07:11:00,4063.51,4064.41,4062.36,4062.67,145.0
2026-08-03 07:12:00,4062.68,4064.08,4062.61,4063.57,149.0
2026-08-03 07:13:00,4063.58,4063.64,4062.59,4062.71,131.0
2026-08-03 07:14:00,4062.7,4063.49,4061.38,4061.49,141.0
2026-08-03 07:15:00,4061.34,4061.92,4060.9,4061.84,156.0
2026-08-03 07:16:00,4061.78,4061.78,4059.23,4059.39,185.0
2026-08-03 07:17:00,4059.38,4059.74,4054.9,4055.05,217.0
2026-08-03 07:18:00,4055.04,4055.96,4054.01,4055.76,236.0
2026-08-03 07:19:00,4055.85,4056.52,4053.24,4054.51,231.0
2026-08-03 07:20:00,4054.6,4054.86,4052.15,4053.2,200.0
2026-08-03 07:21:00,4053.72,4054.71,4053.01,4054.71,192.0
2026-08-03 07:22:00,4054.7,4055.33,4053.6,4055.2,166.0
2026-08-03 07:23:00,4055.11,4056.2,4054.88,4054.95,156.0
2026-08-03 07:24:00,4054.89,4056.25,4054.41,4056.16,147.0
2026-08-03 07:25:00,4056.17,4056.96,4055.55,4055.6,147.0
2026-08-03 07:26:00,4055.55,4058.52,4055.55,4058.36,147.0
2026-08-03 07:27:00,4058.37,4058.96,4057.95,4058.95,107.0
2026-08-03 07:28:00,4058.81,4059.0,4057.96,4058.07,112.0
2026-08-03 07:29:00,4058.1,4058.97,4058.03,4058.08,126.0
2026-08-03 07:30:00,4058.5,4059.51,4057.5,4059.51,159.0
2026-08-03 07:31:00,4059.49,4059.49,4058.26,4058.87,125.0
2026-08-03 07:32:00,4058.76,4059.57,4058.76,4059.42,124.0
2026-08-03 07:33:00,4059.41,4059.58,4058.95,4059.26,138.0
2026-08-03 07:34:00,4059.27,4060.24,4058.98,4059.7,125.0
2026-08-03 07:35:00,4059.68,4061.15,4059.62,4060.49,140.0
2026-08-03 07:36:00,4060.53,4060.8,4057.37,4057.81,137.0
2026-08-03 07:37:00,4057.89,4058.48,4056.58,4056.67,132.0
2026-08-03 07:38:00,4056.67,4058.35,4056.67,4058.2,151.0
2026-08-03 07:39:00,4058.41,4060.12,4058.41,4059.76,128.0
2026-08-03 07:40:00,4059.83,4059.83,4058.31,4058.66,129.0
2026-08-03 07:41:00,4058.5,4059.44,4058.2,4058.3,133.0
2026-08-03 07:42:00,4058.37,4058.88,4058.11,4058.37,112.0
2026-08-03 07:43:00,4058.31,4059.13,4058.31,4058.75,107.0
2026-08-03 07:44:00,4058.71,4059.62,4058.65,4059.61,111.0
2026-08-03 07:45:00,4059.64,4060.23,4058.64,4059.6,86.0
2026-08-03 07:46:00,4059.42,4060.44,4059.21,4059.59,131.0
2026-08-03 07:47:00,4059.47,4059.51,4058.32,4058.62,124.0
2026-08-03 07:48:00,4058.63,4059.25,4058.63,4059.21,119.0
2026-08-03 07:49:00,4059.31,4061.16,4059.26,4059.31,152.0
2026-08-03 07:50:00,4059.32,4060.1,4058.83,4059.58,156.0
2026-08-03 07:51:00,4059.63,4060.43,4059.38,4060.38,131.0
2026-08-03 07:52:00,4060.12,4061.6,4059.61,4061.53,142.0
2026-08-03 07:53:00,4061.54,4062.51,4060.95,4061.78,147.0
2026-08-03 07:54:00,4061.97,4063.29,4061.66,4062.67,143.0
2026-08-03 07:55:00,4062.71,4062.93,4061.51,4061.57,157.0
2026-08-03 07:56:00,4061.47,4061.73,4061.12,4061.56,139.0
2026-08-03 07:57:00,4061.55,4061.69,4061.18,4061.31,139.0
2026-08-03 07:58:00,4061.33,4061.81,4061.17,4061.17,119.0
2026-08-03 07:59:00,4061.26,4061.87,4060.86,4061.09,123.0
2026-08-03 08:00:00,4061.12,4061.47,4059.82,4060.45,196.0
2026-08-03 08:01:00,4060.43,4060.66,4059.39,4059.44,164.0
2026-08-03 08:02:00,4059.45,4059.85,4059.15,4059.2,144.0
2026-08-03 08:03:00,4059.17,4060.09,4058.42,4058.64,127.0
2026-08-03 08:04:00,4058.61,4060.9,4058.52,4060.67,154.0
2026-08-03 08:05:00,4060.66,4061.38,4060.15,4060.21,170.0
2026-08-03 08:06:00,4060.25,4060.83,4059.63,4060.83,128.0
2026-08-03 08:07:00,4060.95,4060.99,4060.25,4060.25,127.0
2026-08-03 08:08:00,4060.15,4060.18,4059.44,4060.18,108.0
2026-08-03 08:09:00,4059.96,4061.18,4059.96,4060.58,129.0
2026-08-03 08:10:00,4060.63,4060.72,4059.75,4059.77,119.0
2026-08-03 08:11:00,4059.79,4061.71,4059.79,4060.85,117.0
2026-08-03 08:12:00,4060.73,4061.06,4059.98,4060.0,126.0
2026-08-03 08:13:00,4060.0,4061.73,4060.0,4061.7,140.0
2026-08-03 08:14:00,4061.68,4062.16,4061.26,4061.73,97.0
2026-08-03 08:15:00,4061.72,4062.45,4061.35,4061.4,152.0
2026-08-03 08:16:00,4061.38,4061.38,4060.28,4060.62,109.0
2026-08-03 08:17:00,4060.62,4060.71,4058.76,4058.78,154.0
2026-08-03 08:18:00,4058.83,4059.4,4057.77,4057.77,133.0
2026-08-03 08:19:00,4057.76,4057.92,4056.99,4057.76,129.0
2026-08-03 08:20:00,4057.91,4058.49,4057.59,4058.33,131.0
2026-08-03 08:21:00,4058.27,4059.05,4058.02,4058.77,109.0
2026-08-03 08:22:00,4058.7,4058.89,4058.32,4058.89,119.0
2026-08-03 08:23:00,4058.93,4059.25,4058.76,4058.93,116.0
2026-08-03 08:24:00,4058.68,4058.97,4058.12,4058.77,116.0
2026-08-03 08:25:00,4058.91,4060.28,4058.82,4059.08,100.0
2026-08-03 08:26:00,4059.03,4059.21,4057.5,4057.62,125.0
2026-08-03 08:27:00,4057.62,4057.68,4055.66,4056.15,125.0
2026-08-03 08:28:00,4056.04,4057.12,4055.72,4056.86,142.0
2026-08-03 08:29:00,4056.88,4056.88,4054.28,4056.09,158.0
2026-08-03 08:30:00,4056.07,4056.44,4054.76,4056.44,151.0
2026-08-03 08:31:00,4056.59,4057.43,4056.5,4057.02,104.0
2026-08-03 08:32:00,4057.19,4058.22,4057.07,4058.18,123.0
2026-08-03 08:33:00,4058.14,4058.27,4056.11,4056.27,133.0
2026-08-03 08:34:00,4056.26,4056.65,4055.74,4056.15,101.0
2026-08-03 08:35:00,4056.14,4059.1,4055.25,4058.9,129.0
2026-08-03 08:36:00,4058.93,4059.29,4057.62,4059.25,164.0
2026-08-03 08:37:00,4059.12,4059.12,4057.76,4058.04,101.0
2026-08-03 08:38:00,4058.05,4058.96,4057.51,4058.74,113.0
2026-08-03 08:39:00,4058.82,4060.68,4058.41,4059.88,125.0
2026-08-03 08:40:00,4059.85,4059.91,4059.14,4059.2,114.0
2026-08-03 08:41:00,4059.15,4059.61,4058.9,4059.1,102.0
2026-08-03 08:42:00,4059.07,4060.15,4059.07,4059.96,73.0
2026-08-03 08:43:00,4059.99,4060.23,4058.39,4058.45,91.0
2026-08-03 08:44:00,4058.39,4058.75,4058.16,4058.47,108.0
2026-08-03 08:45:00,4058.56,4058.91,4057.64,4057.68,129.0
2026-08-03 08:46:00,4057.68,4058.99,4057.68,4058.67,99.0
2026-08-03 08:47:00,4058.66,4058.72,4057.91,4058.19,116.0
2026-08-03 08:48:00,4058.12,4059.25,4057.83,4059.24,110.0
2026-08-03 08:49:00,4059.2,4060.04,4058.76,4059.81,109.0
2026-08-03 08:50:00,4059.95,4060.03,4059.06,4059.06,119.0
2026-08-03 08:51:00,4059.02,4059.68,4058.64,4059.37,106.0
2026-08-03 08:52:00,4059.52,4059.52,4058.58,4058.58,86.0
2026-08-03 08:53:00,4058.68,4058.86,4057.72,4058.74,115.0
2026-08-03 08:54:00,4058.79,4059.56,4058.79,4059.41,77.0
2026-08-03 08:55:00,4059.49,4060.88,4058.81,4060.17,102.0
2026-08-03 08:56:00,4060.14,4060.38,4059.75,4059.96,114.0
2026-08-03 08:57:00,4060.03,4060.07,4058.99,4059.0,109.0
2026-08-03 08:58:00,4058.99,4059.06,4058.68,4058.98,117.0
2026-08-03 08:59:00,4058.91,4059.91,4058.79,4059.47,101.0
2026-08-03 09:00:00,4059.22,4060.45,4059.05,4059.06,140.0
2026-08-03 09:01:00,4059.13,4059.43,4057.83,4057.83,131.0
2026-08-03 09:02:00,4057.92,4058.59,4057.64,4058.35,114.0
2026-08-03 09:03:00,4058.33,4058.78,4057.84,4057.86,96.0
2026-08-03 09:04:00,4057.87,4058.58,4057.39,4057.55,107.0
2026-08-03 09:05:00,4057.52,4058.4,4057.3,4058.12,103.0
2026-08-03 09:06:00,4058.12,4059.3,4057.42,4059.14,94.0
2026-08-03 09:07:00,4059.12,4059.18,4058.36,4058.55,90.0
2026-08-03 09:08:00,4058.5,4059.32,4058.33,4058.43,92.0
2026-08-03 09:09:00,4058.44,4059.55,4058.43,4059.55,117.0
2026-08-03 09:10:00,4059.59,4059.97,4059.44,4059.87,94.0
2026-08-03 09:11:00,4060.02,4060.16,4059.54,4059.91,144.0
2026-08-03 09:12:00,4059.77,4061.35,4059.77,4061.26,120.0
2026-08-03 09:13:00,4061.23,4062.12,4060.58,4061.75,130.0
2026-08-03 09:14:00,4061.74,4061.75,4061.16,4061.47,108.0
2026-08-03 09:15:00,4061.48,4061.48,4060.11,4060.75,110.0
2026-08-03 09:16:00,4060.79,4061.26,4059.84,4059.97,123.0
2026-08-03 09:17:00,4059.98,4060.41,4058.89,4059.28,135.0
2026-08-03 09:18:00,4059.26,4059.48,4058.56,4058.7,106.0
2026-08-03 09:19:00,4058.69,4059.43,4058.19,4058.84,122.0
2026-08-03 09:20:00,4058.81,4058.98,4058.43,4058.88,110.0
2026-08-03 09:21:00,4058.87,4058.95,4054.55,4055.05,171.0
2026-08-03 09:22:00,4055.04,4055.2,4054.45,4055.08,100.0
2026-08-03 09:23:00,4055.04,4055.31,4052.78,4052.8,135.0
2026-08-03 09:24:00,4052.76,4055.46,4052.75,4055.23,133.0
2026-08-03 09:25:00,4055.18,4056.1,4054.57,4054.65,141.0
2026-08-03 09:26:00,4054.59,4054.59,4053.24,4053.45,96.0
2026-08-03 09:27:00,4053.32,4053.87,4052.1,4052.48,137.0
2026-08-03 09:28:00,4052.47,4053.11,4052.34,4053.09,114.0
2026-08-03 09:29:00,4053.11,4053.19,4052.4,4052.61,124.0
2026-08-03 09:30:00,4052.8,4053.43,4049.52,4050.04,187.0
2026-08-03 09:31:00,4050.02,4050.3,4047.75,4048.51,200.0
2026-08-03 09:32:00,4048.53,4049.4,4047.31,4048.66,186.0
2026-08-03 09:33:00,4048.76,4049.24,4046.69,4048.01,196.0
2026-08-03 09:34:00,4048.06,4048.46,4046.73,4047.04,148.0
2026-08-03 09:35:00,4047.07,4049.62,4046.78,4049.6,165.0
2026-08-03 09:36:00,4049.57,4051.07,4049.08,4050.17,176.0
2026-08-03 09:37:00,4050.15,4051.01,4049.57,4050.52,136.0
2026-08-03 09:38:00,4050.51,4052.76,4050.46,4051.38,127.0
2026-08-03 09:39:00,4051.47,4052.62,4051.27,4052.47,130.0
2026-08-03 09:40:00,4052.5,4053.3,4052.38,4052.73,164.0
2026-08-03 09:41:00,4052.76,4053.27,4052.45,4052.65,154.0
2026-08-03 09:42:00,4052.67,4053.02,4051.58,4052.2,134.0
2026-08-03 09:43:00,4052.21,4053.35,4051.59,4052.97,139.0
2026-08-03 09:44:00,4052.95,4054.81,4052.95,4053.56,139.0
2026-08-03 09:45:00,4053.52,4055.61,4053.47,4055.61,134.0
2026-08-03 09:46:00,4055.64,4055.67,4053.99,4055.04,108.0
2026-08-03 09:47:00,4055.06,4055.15,4054.04,4054.68,111.0
2026-08-03 09:48:00,4054.82,4056.09,4054.76,4055.68,123.0
2026-08-03 09:49:00,4055.73,4056.87,4055.73,4055.88,130.0
2026-08-03 09:50:00,4055.89,4057.67,4055.89,4056.96,134.0
2026-08-03 09:51:00,4057.28,4058.1,4056.63,4056.76,129.0
2026-08-03 09:52:00,4056.77,4057.05,4055.96,4056.25,110.0
2026-08-03 09:53:00,4056.37,4056.77,4055.96,4056.64,143.0
2026-08-03 09:54:00,4056.36,4057.56,4056.33,4056.95,109.0
2026-08-03 09:55:00,4056.96,4057.32,4056.5,4057.28,124.0
2026-08-03 09:56:00,4057.44,4057.83,4056.9,4057.6,129.0
2026-08-03 09:57:00,4057.51,4057.68,4056.66,4056.94,140.0
2026-08-03 09:58:00,4056.95,4057.31,4054.92,4055.16,146.0
2026-08-03 09:59:00,4055.13,4055.67,4054.58,4055.31,149.0
2026-08-03 10:00:00,4055.39,4055.71,4054.09,4054.19,159.0
2026-08-03 10:01:00,4054.03,4055.1,4053.15,4055.01,144.0
2026-08-03 10:02:00,4055.0,4055.68,4054.63,4055.42,126.0
2026-08-03 10:03:00,4055.49,4056.72,4054.8,4056.71,146.0
2026-08-03 10:04:00,4056.44,4056.51,4054.53,4054.74,124.0
2026-08-03 10:05:00,4054.82,4054.92,4054.0,4054.82,117.0
2026-08-03 10:06:00,4054.84,4055.27,4054.39,4055.03,136.0
2026-08-03 10:07:00,4055.07,4055.43,4053.83,4054.65,112.0
2026-08-03 10:08:00,4054.64,4054.67,4054.03,4054.34,90.0
2026-08-03 10:09:00,4054.35,4054.38,4053.82,4054.04,120.0
2026-08-03 10:10:00,4054.05,4055.79,4053.87,4055.79,138.0
2026-08-03 10:11:00,4055.74,4056.29,4055.33,4055.33,116.0
2026-08-03 10:12:00,4055.35,4056.7,4055.32,4056.66,112.0
2026-08-03 10:13:00,4056.69,4057.13,4056.17,4056.48,132.0
2026-08-03 10:14:00,4056.56,4056.58,4055.59,4056.33,115.0
2026-08-03 10:15:00,4056.3,4057.0,4055.42,4055.62,133.0
2026-08-03 10:16:00,4055.65,4056.28,4055.32,4056.21,109.0
2026-08-03 10:17:00,4056.32,4056.35,4054.08,4054.43,142.0
2026-08-03 10:18:00,4054.41,4055.56,4054.03,4055.53,142.0
2026-08-03 10:19:00,4055.54,4055.72,4054.87,4054.97,117.0
2026-08-03 10:20:00,4054.98,4055.49,4054.5,4055.2,119.0
2026-08-03 10:21:00,4055.29,4055.43,4052.66,4052.83,159.0
2026-08-03 10:22:00,4052.96,4055.09,4052.63,4055.08,152.0
2026-08-03 10:23:00,4055.11,4055.19,4053.09,4053.71,147.0
2026-08-03 10:24:00,4053.7,4054.3,4053.41,4053.44,128.0
2026-08-03 10:25:00,4053.27,4053.49,4051.97,4052.05,124.0
2026-08-03 10:26:00,4052.04,4053.6,4052.04,4053.4,98.0
2026-08-03 10:27:00,4053.42,4053.79,4053.14,4053.33,112.0
2026-08-03 10:28:00,4053.19,4054.88,4053.18,4053.9,120.0
2026-08-03 10:29:00,4053.89,4054.03,4053.2,4053.47,114.0
2026-08-03 10:30:00,4053.51,4053.69,4053.18,4053.48,110.0
2026-08-03 10:31:00,4053.49,4053.54,4052.54,4053.43,127.0
2026-08-03 10:32:00,4053.44,4053.47,4050.02,4050.2,138.0
2026-08-03 10:33:00,4050.28,4052.22,4050.2,4051.97,133.0
2026-08-03 10:34:00,4051.94,4052.12,4051.32,4051.85,73.0
2026-08-03 10:35:00,4051.84,4051.89,4050.95,4050.98,110.0
2026-08-03 10:36:00,4051.01,4052.41,4051.01,4052.41,138.0
2026-08-03 10:37:00,4052.4,4052.53,4051.79,4052.14,95.0
2026-08-03 10:38:00,4052.09,4052.22,4051.5,4051.52,113.0
2026-08-03 10:39:00,4051.5,4052.55,4051.19,4052.37,106.0
2026-08-03 10:40:00,4052.39,4052.44,4050.06,4051.32,136.0
2026-08-03 10:41:00,4051.38,4051.48,4050.76,4051.09,118.0
2026-08-03 10:42:00,4051.11,4051.24,4048.69,4049.61,132.0
2026-08-03 10:43:00,4049.62,4050.02,4049.05,4049.38,122.0
2026-08-03 10:44:00,4049.17,4049.43,4048.83,4049.23,104.0
2026-08-03 10:45:00,4049.21,4049.23,4048.5,4049.23,110.0
2026-08-03 10:46:00,4049.22,4050.16,4048.86,4050.07,90.0
2026-08-03 10:47:00,4050.06,4050.66,4048.88,4048.96,114.0
2026-08-03 10:48:00,4048.95,4049.56,4048.93,4049.29,115.0
2026-08-03 10:49:00,4049.2,4049.3,4048.63,4048.63,67.0
2026-08-03 10:50:00,4048.66,4048.78,4047.18,4047.54,112.0
2026-08-03 10:51:00,4047.79,4047.85,4046.7,4046.71,109.0
2026-08-03 10:52:00,4046.73,4047.45,4046.19,4047.34,97.0
2026-08-03 10:53:00,4047.12,4048.84,4046.57,4048.81,131.0
2026-08-03 10:54:00,4048.77,4048.92,4047.33,4048.39,96.0
2026-08-03 10:55:00,4048.34,4049.44,4048.06,4048.79,112.0
2026-08-03 10:56:00,4048.81,4048.83,4047.52,4047.52,109.0
2026-08-03 10:57:00,4047.51,4047.7,4046.96,4047.62,87.0
2026-08-03 10:58:00,4047.4,4047.98,4047.12,4047.94,102.0
2026-08-03 10:59:00,4047.66,4049.35,4046.87,4049.34,120.0
2026-08-03 11:00:00,4049.33,4049.87,4048.57,4049.12,193.0
2026-08-03 11:01:00,4049.07,4049.36,4047.98,4048.31,150.0
2026-08-03 11:02:00,4048.32,4049.52,4047.98,4049.32,172.0
2026-08-03 11:03:00,4049.31,4050.75,4049.2,4050.75,139.0
2026-08-03 11:04:00,4050.75,4052.11,4050.35,4052.03,119.0
2026-08-03 11:05:00,4052.06,4052.88,4051.84,4052.43,155.0
2026-08-03 11:06:00,4052.44,4052.45,4049.95,4050.12,143.0
2026-08-03 11:07:00,4050.3,4051.09,4050.19,4050.35,112.0
2026-08-03 11:08:00,4050.34,4050.54,4049.45,4049.98,104.0
2026-08-03 11:09:00,4049.95,4050.46,4049.94,4050.41,91.0
2026-08-03 11:10:00,4050.4,4050.89,4049.47,4049.67,133.0
2026-08-03 11:11:00,4049.66,4050.08,4049.22,4049.35,106.0
2026-08-03 11:12:00,4049.35,4050.39,4048.33,4048.59,140.0
2026-08-03 11:13:00,4048.51,4049.64,4047.99,4049.63,114.0
2026-08-03 11:14:00,4049.64,4049.89,4048.95,4049.78,116.0
2026-08-03 11:15:00,4049.78,4049.78,4048.28,4048.62,104.0
2026-08-03 11:16:00,4048.55,4049.17,4047.43,4047.6,125.0
2026-08-03 11:17:00,4047.47,4048.57,4046.9,4048.57,113.0
2026-08-03 11:18:00,4048.71,4049.2,4047.05,4047.05,137.0
2026-08-03 11:19:00,4047.01,4048.16,4047.01,4047.85,113.0
2026-08-03 11:20:00,4047.75,4048.24,4047.07,4047.47,123.0
2026-08-03 11:21:00,4047.48,4048.25,4046.6,4047.07,141.0
2026-08-03 11:22:00,4047.16,4047.93,4046.56,4046.62,111.0
2026-08-03 11:23:00,4046.67,4046.87,4045.42,4046.47,128.0
2026-08-03 11:24:00,4046.4,4047.77,4046.4,4047.5,94.0
2026-08-03 11:25:00,4047.63,4047.92,4046.84,4047.92,120.0
2026-08-03 11:26:00,4047.8,4049.8,4047.62,4049.79,121.0
2026-08-03 11:27:00,4049.76,4049.83,4048.96,4049.15,102.0
2026-08-03 11:28:00,4049.16,4049.9,4048.59,4048.62,122.0
2026-08-03 11:29:00,4048.61,4049.22,4048.27,4048.46,80.0
2026-08-03 11:30:00,4048.42,4049.06,4047.93,4048.47,122.0
2026-08-03 11:31:00,4048.57,4049.35,4048.03,4049.28,121.0
2026-08-03 11:32:00,4049.27,4049.35,4048.65,4049.35,87.0
2026-08-03 11:33:00,4049.31,4051.33,4049.28,4050.92,106.0
2026-08-03 11:34:00,4050.61,4050.87,4050.32,4050.82,75.0
2026-08-03 11:35:00,4050.86,4051.15,4049.71,4050.17,103.0
2026-08-03 11:36:00,4050.21,4050.96,4049.88,4050.96,115.0
2026-08-03 11:37:00,4051.08,4052.06,4050.89,4051.05,105.0
2026-08-03 11:38:00,4050.99,4051.98,4050.49,4051.29,114.0
2026-08-03 11:39:00,4051.34,4051.96,4051.16,4051.42,106.0
2026-08-03 11:40:00,4051.36,4052.6,4051.04,4052.45,100.0
2026-08-03 11:41:00,4052.43,4053.34,4052.09,4052.93,102.0
2026-08-03 11:42:00,4053.52,4054.51,4052.5,4054.51,156.0
2026-08-03 11:43:00,4054.51,4054.94,4054.03,4054.17,128.0
2026-08-03 11:44:00,4053.65,4054.42,4053.22,4053.62,120.0
2026-08-03 11:45:00,4053.61,4053.66,4052.91,4053.5,127.0
2026-08-03 11:46:00,4053.5,4053.84,4052.82,4052.93,133.0
2026-08-03 11:47:00,4052.93,4055.28,4052.66,4055.28,114.0
2026-08-03 11:48:00,4055.34,4056.29,4054.56,4056.22,121.0
2026-08-03 11:49:00,4056.37,4060.77,4056.37,4060.77,140.0
2026-08-03 11:50:00,4060.93,4061.96,4059.2,4061.79,208.0
2026-08-03 11:51:00,4062.09,4062.35,4059.59,4061.22,182.0
2026-08-03 11:52:00,4061.23,4063.08,4061.22,4062.15,199.0
2026-08-03 11:53:00,4062.16,4062.73,4060.08,4060.6,167.0
2026-08-03 11:54:00,4060.59,4061.65,4060.02,4061.19,143.0
2026-08-03 11:55:00,4060.89,4061.85,4060.7,4061.03,129.0
2026-08-03 11:56:00,4060.92,4061.32,4059.92,4060.78,141.0
2026-08-03 11:57:00,4060.75,4062.21,4060.68,4061.6,160.0
2026-08-03 11:58:00,4061.73,4062.51,4061.38,4062.44,144.0
2026-08-03 11:59:00,4062.51,4062.74,4062.06,4062.45,137.0
2026-08-03 12:00:00,4062.49,4064.56,4062.45,4063.96,198.0
2026-08-03 12:01:00,4063.94,4064.05,4061.55,4061.8,183.0
2026-08-03 12:02:00,4061.7,4062.54,4060.84,4060.94,153.0
2026-08-03 12:03:00,4060.97,4061.19,4059.71,4060.46,134.0
2026-08-03 12:04:00,4060.47,4061.31,4060.11,4060.96,170.0
2026-08-03 12:05:00,4060.86,4061.19,4059.09,4059.09,161.0
2026-08-03 12:06:00,4059.04,4060.14,4058.64,4059.66,168.0
2026-08-03 12:07:00,4059.63,4059.63,4058.42,4058.75,124.0
2026-08-03 12:08:00,4058.94,4059.37,4058.26,4059.26,154.0
2026-08-03 12:09:00,4059.21,4060.02,4059.05,4059.97,160.0
2026-08-03 12:10:00,4059.87,4060.27,4058.12,4058.24,167.0
2026-08-03 12:11:00,4058.27,4058.92,4057.26,4057.86,123.0
2026-08-03 12:12:00,4057.85,4058.6,4057.41,4057.41,151.0
2026-08-03 12:13:00,4057.4,4057.45,4054.91,4055.52,174.0
2026-08-03 12:14:00,4055.53,4056.06,4054.72,4055.86,129.0
2026-08-03 12:15:00,4055.97,4056.23,4055.22,4055.26,136.0
2026-08-03 12:16:00,4055.29,4056.48,4055.28,4055.77,140.0
2026-08-03 12:17:00,4055.78,4056.04,4055.07,4056.0,134.0
2026-08-03 12:18:00,4055.64,4056.38,4055.12,4055.63,118.0
2026-08-03 12:19:00,4055.7,4055.7,4051.07,4051.14,162.0
2026-08-03 12:20:00,4050.85,4053.78,4048.64,4052.73,202.0
2026-08-03 12:21:00,4053.05,4053.82,4052.55,4053.33,167.0
2026-08-03 12:22:00,4053.31,4053.34,4051.34,4051.88,169.0
2026-08-03 12:23:00,4051.76,4053.33,4051.45,4051.93,149.0
2026-08-03 12:24:00,4052.01,4053.15,4051.58,4052.31,137.0
2026-08-03 12:25:00,4052.46,4053.42,4052.05,4052.05,127.0
2026-08-03 12:26:00,4052.09,4052.38,4051.01,4051.47,124.0
2026-08-03 12:27:00,4051.2,4051.75,4050.31,4051.71,154.0
2026-08-03 12:28:00,4051.76,4053.0,4051.08,4051.09,134.0
2026-08-03 12:29:00,4051.1,4051.91,4050.46,4050.79,140.0
2026-08-03 12:30:00,4050.8,4052.9,4049.85,4050.05,164.0
2026-08-03 12:31:00,4050.03,4050.11,4048.53,4048.81,145.0
2026-08-03 12:32:00,4048.79,4049.38,4047.97,4048.89,125.0
2026-08-03 12:33:00,4048.88,4051.57,4048.88,4051.0,151.0
2026-08-03 12:34:00,4050.95,4052.41,4049.82,4051.8,158.0
2026-08-03 12:35:00,4051.69,4051.9,4050.14,4050.64,144.0
2026-08-03 12:36:00,4050.6,4051.44,4047.96,4047.96,187.0
2026-08-03 12:37:00,4047.92,4048.01,4046.72,4047.0,166.0
2026-08-03 12:38:00,4046.95,4047.0,4045.82,4046.25,125.0
2026-08-03 12:39:00,4046.16,4047.29,4045.83,4047.27,146.0
2026-08-03 12:40:00,4047.45,4047.48,4043.51,4043.91,178.0
2026-08-03 12:41:00,4043.92,4044.55,4042.96,4044.28,154.0
2026-08-03 12:42:00,4044.29,4044.32,4043.06,4043.63,132.0
2026-08-03 12:43:00,4043.56,4043.98,4042.22,4042.9,155.0
2026-08-03 12:44:00,4042.81,4045.12,4042.78,4044.99,140.0
2026-08-03 12:45:00,4044.94,4046.52,4044.69,4046.12,153.0
2026-08-03 12:46:00,4046.16,4046.42,4045.27,4046.09,109.0
2026-08-03 12:47:00,4046.01,4046.01,4044.72,4045.13,140.0
2026-08-03 12:48:00,4045.17,4045.66,4044.8,4045.33,117.0
2026-08-03 12:49:00,4045.67,4045.71,4043.75,4044.09,128.0
2026-08-03 12:50:00,4043.79,4044.6,4043.62,4044.16,125.0
2026-08-03 12:51:00,4044.11,4045.3,4043.26,4044.32,148.0
2026-08-03 12:52:00,4044.21,4044.89,4044.06,4044.38,86.0
2026-08-03 12:53:00,4044.39,4045.58,4044.04,4045.55,131.0
2026-08-03 12:54:00,4045.55,4046.5,4044.87,4045.7,171.0
2026-08-03 12:55:00,4045.73,4046.2,4045.44,4046.11,113.0
2026-08-03 12:56:00,4046.06,4047.94,4046.0,4047.36,115.0
2026-08-03 12:57:00,4047.35,4048.07,4046.68,4047.97,121.0
2026-08-03 12:58:00,4047.88,4048.89,4047.26,4048.32,136.0
2026-08-03 12:59:00,4048.34,4048.34,4046.91,4047.67,140.0
2026-08-03 13:00:00,4047.74,4053.48,4047.74,4048.59,261.0
2026-08-03 13:01:00,4048.66,4048.85,4045.48,4045.62,266.0
2026-08-03 13:02:00,4045.6,4045.93,4040.95,4041.76,256.0
2026-08-03 13:03:00,4041.91,4043.64,4041.63,4042.73,233.0
2026-08-03 13:04:00,4042.74,4042.81,4040.95,4042.02,230.0
2026-08-03 13:05:00,4041.84,4045.85,4041.23,4045.85,253.0
2026-08-03 13:06:00,4045.99,4046.01,4042.55,4043.34,234.0
2026-08-03 13:07:00,4043.33,4043.88,4041.73,4043.87,221.0
2026-08-03 13:08:00,4043.79,4045.25,4043.38,4044.24,205.0
2026-08-03 13:09:00,4044.31,4045.08,4043.74,4044.04,172.0
2026-08-03 13:10:00,4044.02,4044.43,4042.16,4043.78,189.0
2026-08-03 13:11:00,4043.76,4044.51,4041.46,4044.15,207.0
2026-08-03 13:12:00,4044.14,4044.33,4042.54,4042.64,214.0
2026-08-03 13:13:00,4042.62,4042.87,4039.05,4040.65,222.0
2026-08-03 13:14:00,4040.45,4040.76,4038.8,4038.8,192.0
2026-08-03 13:15:00,4038.81,4040.42,4037.93,4038.97,215.0
2026-08-03 13:16:00,4038.98,4039.19,4037.46,4039.05,218.0
2026-08-03 13:17:00,4039.06,4040.01,4037.08,4037.84,216.0
2026-08-03 13:18:00,4037.83,4038.88,4036.75,4037.44,198.0
2026-08-03 13:19:00,4037.45,4038.16,4035.19,4036.35,235.0
2026-08-03 13:20:00,4036.33,4037.12,4034.38,4036.05,231.0
2026-08-03 13:21:00,4036.08,4036.64,4033.54,4036.17,208.0
2026-08-03 13:22:00,4036.15,4036.36,4034.2,4034.98,201.0
2026-08-03 13:23:00,4034.97,4035.07,4032.97,4033.74,209.0
2026-08-03 13:24:00,4033.77,4034.48,4033.11,4034.42,193.0
2026-08-03 13:25:00,4034.04,4035.36,4031.5,4031.61,226.0
2026-08-03 13:26:00,4031.6,4033.92,4031.6,4033.73,212.0
2026-08-03 13:27:00,4033.95,4034.91,4033.37,4034.66,192.0
2026-08-03 13:28:00,4034.64,4034.71,4032.56,4032.9,205.0
2026-08-03 13:29:00,4033.06,4034.29,4032.44,4034.29,192.0
2026-08-03 13:30:00,4034.26,4035.52,4032.59,4034.35,272.0
2026-08-03 13:31:00,4034.37,4034.45,4031.07,4032.89,259.0
2026-08-03 13:32:00,4032.92,4033.26,4030.07,4030.43,267.0
2026-08-03 13:33:00,4030.36,4031.28,4029.54,4030.08,252.0
2026-08-03 13:34:00,4030.11,4031.81,4030.11,4031.05,239.0
2026-08-03 13:35:00,4031.14,4031.8,4027.41,4027.89,249.0
2026-08-03 13:36:00,4027.81,4028.58,4025.54,4026.52,250.0
2026-08-03 13:37:00,4026.57,4027.46,4025.45,4025.87,271.0
2026-08-03 13:38:00,4025.83,4025.85,4019.11,4025.74,268.0
2026-08-03 13:39:00,4025.77,4026.64,4024.55,4026.53,236.0
2026-08-03 13:40:00,4026.48,4029.06,4024.74,4028.69,258.0
2026-08-03 13:41:00,4028.75,4031.96,4027.9,4031.7,244.0
2026-08-03 13:42:00,4031.73,4033.6,4031.59,4032.72,236.0
2026-08-03 13:43:00,4032.62,4033.8,4032.52,4033.67,225.0
2026-08-03 13:44:00,4033.61,4033.76,4031.63,4031.97,223.0
2026-08-03 13:45:00,4032.04,4035.34,4032.04,4034.23,227.0
2026-08-03 13:46:00,4034.24,4034.91,4028.9,4029.66,251.0
2026-08-03 13:47:00,4029.67,4030.75,4028.6,4030.17,237.0
2026-08-03 13:48:00,4030.24,4031.95,4030.24,4031.61,215.0
2026-08-03 13:49:00,4031.6,4031.69,4029.17,4029.79,239.0
2026-08-03 13:50:00,4029.47,4032.74,4028.88,4030.99,256.0
2026-08-03 13:51:00,4030.94,4032.82,4029.7,4032.73,247.0
2026-08-03 13:52:00,4032.71,4032.8,4031.01,4031.15,237.0
2026-08-03 13:53:00,4031.36,4031.9,4028.29,4030.24,241.0
2026-08-03 13:54:00,4030.5,4031.3,4029.3,4030.26,233.0
2026-08-03 13:55:00,4030.17,4031.51,4029.99,4030.74,240.0
2026-08-03 13:56:00,4030.67,4030.78,4028.49,4030.26,239.0
2026-08-03 13:57:00,4030.27,4031.65,4030.27,4031.62,185.0
2026-08-03 13:58:00,4031.65,4033.89,4031.52,4033.22,202.0
2026-08-03 13:59:00,4033.25,4033.26,4031.71,4032.5,154.0
2026-08-03 14:00:00,4032.49,4032.49,4027.83,4028.33,232.0
2026-08-03 14:01:00,4028.34,4032.2,4028.08,4031.88,211.0
2026-08-03 14:02:00,4031.92,4036.18,4031.78,4035.22,236.0
2026-08-03 14:03:00,4035.2,4035.25,4028.88,4029.67,232.0
2026-08-03 14:04:00,4029.79,4029.86,4028.35,4029.16,213.0
2026-08-03 14:05:00,4029.21,4030.88,4028.44,4030.83,246.0
2026-08-03 14:06:00,4030.97,4032.02,4030.33,4031.14,216.0
2026-08-03 14:07:00,4031.06,4032.45,4030.16,4030.5,231.0
2026-08-03 14:08:00,4030.49,4031.65,4029.07,4029.51,232.0
2026-08-03 14:09:00,4029.61,4029.71,4027.25,4027.33,230.0
2026-08-03 14:10:00,4027.29,4029.09,4026.7,4029.09,238.0
2026-08-03 14:11:00,4029.07,4030.39,4028.15,4030.39,220.0
2026-08-03 14:12:00,4030.3,4030.99,4028.71,4030.75,227.0
2026-08-03 14:13:00,4030.74,4032.02,4028.26,4032.0,226.0
2026-08-03 14:14:00,4031.79,4034.5,4031.79,4033.24,231.0
2026-08-03 14:15:00,4033.25,4034.39,4032.83,4033.01,220.0
2026-08-03 14:16:00,4033.41,4034.83,4031.75,4032.03,216.0
2026-08-03 14:17:00,4031.86,4032.96,4031.57,4031.78,213.0
2026-08-03 14:18:00,4031.97,4034.35,4031.88,4033.36,206.0
2026-08-03 14:19:00,4033.29,4033.51,4031.19,4031.31,185.0
2026-08-03 14:20:00,4031.42,4033.19,4029.96,4033.08,212.0
2026-08-03 14:21:00,4033.07,4034.19,4032.73,4033.86,197.0
2026-08-03 14:22:00,4033.82,4034.91,4032.98,4033.18,185.0
2026-08-03 14:23:00,4033.32,4035.55,4032.72,4034.96,180.0
2026-08-03 14:24:00,4034.95,4035.91,4033.53,4033.65,211.0
2026-08-03 14:25:00,4033.81,4035.5,4033.81,4035.5,177.0
2026-08-03 14:26:00,4035.5,4035.5,4034.64,4035.2,183.0
2026-08-03 14:27:00,4035.11,4035.74,4034.57,4034.9,190.0
2026-08-03 14:28:00,4035.01,4035.61,4034.26,4035.33,168.0
2026-08-03 14:29:00,4035.26,4035.99,4032.41,4032.57,175.0
2026-08-03 14:30:00,4032.46,4034.46,4031.94,4033.92,196.0
2026-08-03 14:31:00,4033.79,4034.27,4033.04,4034.12,177.0
2026-08-03 14:32:00,4034.17,4035.22,4033.6,4034.16,143.0
2026-08-03 14:33:00,4034.29,4035.41,4034.29,4034.92,141.0
2026-08-03 14:34:00,4035.02,4035.62,4034.35,4035.23,155.0
2026-08-03 14:35:00,4035.21,4037.75,4034.95,4034.95,195.0
2026-08-03 14:36:00,4035.06,4036.22,4034.77,4035.88,161.0
2026-08-03 14:37:00,4035.8,4036.39,4034.7,4034.7,192.0
2026-08-03 14:38:00,4034.81,4035.05,4033.46,4033.78,157.0
2026-08-03 14:39:00,4033.93,4034.92,4032.94,4033.13,169.0
2026-08-03 14:40:00,4033.03,4035.04,4032.16,4034.95,147.0
2026-08-03 14:41:00,4034.98,4037.18,4034.44,4037.18,166.0
2026-08-03 14:42:00,4037.13,4037.98,4036.21,4036.21,197.0
2026-08-03 14:43:00,4036.3,4037.86,4036.27,4037.77,151.0
2026-08-03 14:44:00,4037.71,4038.13,4036.19,4036.41,143.0
2026-08-03 14:45:00,4036.57,4036.76,4035.69,4035.99,140.0
2026-08-03 14:46:00,4036.0,4036.76,4035.66,4036.26,149.0
2026-08-03 14:47:00,4036.27,4036.52,4034.84,4035.43,146.0
2026-08-03 14:48:00,4035.44,4036.2,4033.91,4033.97,172.0
2026-08-03 14:49:00,4033.94,4036.08,4033.91,4035.87,155.0
2026-08-03 14:50:00,4035.96,4037.05,4035.32,4036.61,146.0
2026-08-03 14:51:00,4036.7,4036.76,4033.78,4035.42,202.0
2026-08-03 14:52:00,4035.33,4035.66,4034.51,4035.05,152.0
2026-08-03 14:53:00,4035.06,4036.47,4034.75,4036.31,142.0
2026-08-03 14:54:00,4036.22,4036.73,4035.23,4035.7,182.0
2026-08-03 14:55:00,4035.84,4037.04,4035.82,4036.81,148.0
2026-08-03 14:56:00,4036.82,4038.4,4036.64,4038.01,176.0
2026-08-03 14:57:00,4038.09,4039.27,4037.39,4037.62,164.0
2026-08-03 14:58:00,4037.63,4038.05,4036.99,4037.2,146.0
2026-08-03 14:59:00,4037.11,4037.11,4035.99,4036.3,149.0
2026-08-03 15:00:00,4036.29,4036.67,4034.88,4035.38,192.0
2026-08-03 15:01:00,4035.37,4036.27,4034.34,4035.03,183.0
2026-08-03 15:02:00,4035.02,4035.5,4034.75,4035.1,161.0
2026-08-03 15:03:00,4034.95,4034.95,4031.79,4032.85,182.0
2026-08-03 15:04:00,4032.91,4033.23,4031.82,4032.13,162.0
2026-08-03 15:05:00,4032.08,4033.0,4030.8,4031.11,186.0
2026-08-03 15:06:00,4031.18,4032.52,4030.44,4032.44,212.0
2026-08-03 15:07:00,4032.43,4033.66,4031.75,4033.5,196.0
2026-08-03 15:08:00,4033.46,4037.11,4032.95,4036.58,224.0
2026-08-03 15:09:00,4036.55,4036.75,4034.06,4034.67,190.0
2026-08-03 15:10:00,4034.66,4035.61,4034.1,4035.41,165.0
2026-08-03 15:11:00,4035.43,4035.75,4034.25,4034.31,165.0
2026-08-03 15:12:00,4034.25,4034.71,4033.74,4034.12,144.0
2026-08-03 15:13:00,4034.11,4034.24,4032.19,4033.38,174.0
2026-08-03 15:14:00,4033.28,4034.15,4032.82,4033.36,141.0
2026-08-03 15:15:00,4033.32,4034.58,4033.32,4033.98,152.0
2026-08-03 15:16:00,4033.82,4037.1,4033.82,4036.44,186.0
2026-08-03 15:17:00,4036.3,4037.25,4035.66,4036.02,158.0
2026-08-03 15:18:00,4036.08,4037.39,4035.99,4037.28,115.0
2026-08-03 15:19:00,4037.29,4037.62,4036.31,4036.71,119.0
2026-08-03 15:20:00,4036.74,4037.87,4036.71,4037.86,158.0
2026-08-03 15:21:00,4037.89,4037.99,4036.94,4037.6,147.0
2026-08-03 15:22:00,4037.7,4038.39,4036.4,4036.86,170.0
2026-08-03 15:23:00,4036.72,4037.68,4035.91,4037.32,149.0
2026-08-03 15:24:00,4037.33,4038.3,4037.31,4037.37,136.0
2026-08-03 15:25:00,4037.28,4037.88,4034.5,4035.77,154.0
2026-08-03 15:26:00,4034.34,4035.85,4034.34,4035.05,224.0
2026-08-03 15:27:00,4035.04,4035.54,4033.43,4033.43,206.0
2026-08-03 15:28:00,4033.44,4033.82,4031.13,4032.19,205.0
2026-08-03 15:29:00,4032.09,4032.96,4030.74,4032.82,219.0
2026-08-03 15:30:00,4032.83,4033.65,4032.33,4032.94,187.0
2026-08-03 15:31:00,4032.91,4033.51,4032.69,4033.46,160.0
2026-08-03 15:32:00,4033.15,4034.65,4031.96,4031.98,176.0
2026-08-03 15:33:00,4031.88,4032.55,4031.0,4032.41,143.0
2026-08-03 15:34:00,4032.46,4033.82,4032.24,4033.22,158.0
2026-08-03 15:35:00,4033.26,4034.56,4033.17,4034.56,178.0
2026-08-03 15:36:00,4034.51,4036.36,4034.05,4035.39,175.0
2026-08-03 15:37:00,4035.36,4036.11,4034.88,4035.7,156.0
2026-08-03 15:38:00,4035.77,4036.41,4035.39,4036.19,123.0
2026-08-03 15:39:00,4036.21,4037.01,4036.01,4036.85,111.0
2026-08-03 15:40:00,4036.84,4037.76,4036.71,4037.64,113.0
2026-08-03 15:41:00,4037.6,4038.21,4036.67,4036.89,133.0
2026-08-03 15:42:00,4036.97,4037.69,4036.38,4037.29,104.0
2026-08-03 15:43:00,4037.25,4038.48,4037.25,4038.41,91.0
2026-08-03 15:44:00,4038.46,4038.83,4036.72,4036.77,153.0
2026-08-03 15:45:00,4036.87,4038.11,4036.71,4038.05,129.0
2026-08-03 15:46:00,4038.12,4040.91,4037.66,4038.93,182.0
2026-08-03 15:47:00,4038.9,4039.11,4038.23,4038.53,132.0
2026-08-03 15:48:00,4038.32,4038.97,4037.73,4038.86,133.0
2026-08-03 15:49:00,4038.89,4039.08,4037.57,4037.63,131.0
2026-08-03 15:50:00,4037.51,4038.96,4037.2,4038.51,156.0
2026-08-03 15:51:00,4038.59,4039.43,4038.43,4039.43,106.0
2026-08-03 15:52:00,4039.43,4039.93,4038.77,4039.55,117.0
2026-08-03 15:53:00,4039.54,4039.96,4038.87,4038.98,114.0
2026-08-03 15:54:00,4038.81,4039.04,4038.17,4038.23,119.0
2026-08-03 15:55:00,4038.02,4038.1,4036.26,4036.55,113.0
2026-08-03 15:56:00,4036.45,4036.79,4035.41,4036.61,131.0
2026-08-03 15:57:00,4036.59,4037.24,4036.01,4037.16,123.0
2026-08-03 15:58:00,4037.17,4037.17,4036.36,4036.43,93.0
2026-08-03 15:59:00,4036.44,4036.51,4036.15,4036.31,83.0
2026-08-03 16:00:00,4036.06,4036.75,4036.0,4036.32,137.0
2026-08-03 16:01:00,4036.31,4037.06,4035.97,4036.63,125.0
2026-08-03 16:02:00,4036.6,4037.01,4035.39,4036.77,120.0
2026-08-03 16:03:00,4036.76,4037.57,4036.64,4036.79,116.0
2026-08-03 16:04:00,4036.79,4036.89,4035.8,4036.62,104.0
2026-08-03 16:05:00,4036.63,4036.74,4036.14,4036.49,81.0
2026-08-03 16:06:00,4036.45,4036.67,4035.95,4036.46,75.0
2026-08-03 16:07:00,4036.42,4036.44,4035.29,4035.29,88.0
2026-08-03 16:08:00,4035.22,4035.73,4035.01,4035.64,93.0
2026-08-03 16:09:00,4035.56,4035.87,4034.68,4035.43,119.0
2026-08-03 16:10:00,4035.33,4036.74,4035.33,4036.65,118.0
2026-08-03 16:11:00,4036.63,4036.74,4035.8,4035.94,130.0
2026-08-03 16:12:00,4036.13,4036.58,4036.02,4036.29,96.0
2026-08-03 16:13:00,4036.33,4036.49,4035.83,4035.83,99.0
2026-08-03 16:14:00,4035.84,4036.56,4035.31,4036.56,120.0
2026-08-03 16:15:00,4036.59,4036.59,4035.31,4035.44,100.0
2026-08-03 16:16:00,4035.4,4036.13,4035.35,4035.79,111.0
2026-08-03 16:17:00,4035.86,4037.68,4035.86,4036.49,137.0
2026-08-03 16:18:00,4036.43,4036.47,4036.04,4036.36,80.0
2026-08-03 16:19:00,4036.37,4036.62,4035.47,4036.05,61.0
